Gene,Cell,SNP_removed,LOO_IVW_beta,LOO_IVW_SE,LOO_IVW_P
PARK7,bin,rs161799,0.2438169277565357,0.010652734239023767,0.0
PARK7,bin,rs225116,0.24358545800996273,0.01064870796820129,0.0
PARK7,bin,rs226249,0.2442656428024568,0.010654475761896268,0.0
PARK7,bin,rs226250,0.24400321447564588,0.010677396463220796,0.0
PARK7,bin,rs161814,0.24399974337374358,0.010675914962941907,0.0
PARK7,bin,rs161816,0.2439968893299386,0.010674814888061546,0.0
PARK7,bin,rs161817,0.24399544758424488,0.010674803256349666,0.0
PARK7,bin,rs226253,0.24413629685276494,0.010652338559401715,0.0
PARK7,bin,rs379920,0.24411402679982402,0.010653127331262504,0.0
PARK7,bin,rs226242,0.24457522499798667,0.010661940275652022,0.0
PARK7,bin,rs226243,0.24370783285736927,0.010674089902006226,0.0
PARK7,bin,rs161809,0.24377505607288136,0.010674721301305362,0.0
PARK7,bin,rs225092,0.24456491818779627,0.01066186153841643,0.0
PARK7,bin,rs161807,0.2436749318645708,0.01067374620389122,0.0
PARK7,bin,rs172811,0.24449867230759809,0.010660142444593656,0.0
PARK7,bin,rs226256,0.24369965038272856,0.01067351762059307,0.0
PARK7,bin,rs226258,0.24370138861458598,0.010673535117093645,0.0
PARK7,bin,rs161801,0.2436476293081317,0.010671246394546434,0.0
PARK7,bin,rs498594,0.24364403267339338,0.010671076902054707,0.0
PARK7,bin,rs670522,0.24364269274838288,0.010671056370298295,0.0
PARK7,bin,rs225123,0.24443060771719471,0.010658823259189737,0.0
PARK7,bin,rs72854902,0.2444332096890911,0.010658845241928885,0.0
PARK7,bin,rs72634219,0.24388566528836325,0.010671403119992552,0.0
PARK7,bin,rs11585541,0.24388566528836325,0.010671403119992552,0.0
PARK7,bin,rs72634221,0.24362082911861088,0.010669101503302558,0.0
PARK7,bin,rs7532413,0.24435964622167014,0.010656984137139803,0.0
PARK7,bin,rs2745722,0.24438079302693896,0.010657173386151431,0.0
PARK7,bin,rs12087103,0.24359729227084737,0.010669430102430948,0.0
PARK7,bin,rs55662800,0.24359788680162642,0.010668857486253859,0.0
PARK7,bin,rs72634225,0.24359754104284828,0.010668974464752802,0.0
PARK7,bin,rs113896984,0.2436211472769296,0.010669087716891028,0.0
PARK7,bin,rs12062541,0.24359898667477875,0.010669447313758209,0.0
PARK7,bin,rs112933824,0.2435980797206941,0.010668858940845568,0.0
PARK7,bin,rs113042763,0.24359788680162642,0.010668857486253859,0.0
PARK7,bin,rs11801326,0.24359944125339883,0.01066900125962469,0.0
PARK7,bin,rs12088110,0.24364016961422746,0.010669399433248733,0.0
PARK7,bin,rs72634228,0.24359153856821217,0.0106682650868105,0.0
PARK7,bin,rs225100,0.24439343222026458,0.010657283671209484,0.0
PARK7,bin,rs11810770,0.24359697586596216,0.010668457298301322,0.0
PARK7,bin,rs28619064,0.2435952591238567,0.010668313914189126,0.0
PARK7,bin,rs7556398,0.24439961679498484,0.010657331115193484,0.0
PARK7,bin,rs9756,0.24358010556204918,0.010668139545061133,0.0
PARK7,bin,rs370812,0.2443933867865757,0.010657281701656285,0.0
PARK7,bin,rs6704330,0.24357383008649308,0.010668075943394681,0.0
PARK7,bin,rs442862,0.24442900349195706,0.010658577012181916,0.0
PARK7,bin,rs371452,0.2447995263080896,0.010662561212901546,0.0
PARK7,bin,rs4274087,0.24370822167012574,0.010669235604042263,0.0
PARK7,bin,rs408320,0.244389922443515,0.010656705336702836,0.0
PARK7,bin,rs2294890,0.2448015739946255,0.010664396225872582,0.0
PARK7,bin,rs6700772,0.2440381155359825,0.010677627690997926,0.0
PARK7,bin,rs225126,0.24511108788913807,0.01066793926267218,0.0
PARK7,bin,rs72634234,0.2446456657901475,0.010681057703472042,0.0
PARK7,bin,rs225129,0.2455427287985205,0.010669143989645632,0.0
PARK7,bin,rs7513370,0.24457305848757807,0.01067906287477908,0.0
PARK7,bin,rs11577776,0.2440895992276252,0.010677295480504268,0.0
PARK7,bin,rs11121070,0.2445810819023668,0.010679133838213145,0.0
PARK7,bin,rs225133,0.24420220289661754,0.010673852065264661,0.0
PARK7,bin,rs225134,0.24557393063931768,0.010668103200783189,0.0
PARK7,bin,rs225095,0.24559008280018932,0.0106681877010516,0.0
PARK7,bin,rs55867739,0.24444551537723327,0.010672772988150269,0.0
PARK7,bin,rs112079265,0.24444546594895397,0.010672772578520036,0.0
PARK7,bin,rs225096,0.24555770954011286,0.010666769154131476,0.0
PARK7,bin,rs225118,0.2454975627750974,0.01066505668767356,0.0
PARK7,bin,rs11121074,0.2440413855318306,0.010663161384492097,0.0
PARK7,bin,rs9730618,0.24542095227537028,0.01066261284697627,0.0
PARK7,bin,rs9434981,0.24540264997616726,0.010662007839624328,0.0
PARK7,bin,rs11121075,0.24542878334607024,0.01066212536436285,0.0
PARK7,bin,rs12139353,0.2442811055560615,0.010663950017263567,0.0
PARK7,bin,rs113506854,0.24428127090951038,0.010663951467126188,0.0
PARK7,bin,rs225103,0.24425012065147642,0.010607678994296071,0.0
PARK7,bin,rs225103,0.24400951418616784,0.010661116615561048,0.0
PARK7,bin,rs225104,0.24538266058739672,0.010661395539099287,0.0
PARK7,bin,rs72634245,0.24427910696889327,0.010663925889372977,0.0
PARK7,bin,rs225105,0.2453959051763431,0.010661933617042093,0.0
PARK7,bin,rs225106,0.24540017836473502,0.010662083364863822,0.0
PARK7,bin,rs225109,0.24540562298546464,0.010662113244504626,0.0
PARK7,bin,rs225110,0.24540484408854998,0.010662109231951503,0.0
PARK7,bin,rs225111,0.24402316584084824,0.010661228626874367,0.0
PARK7,bin,rs225113,0.24545965549052293,0.010663869807973838,0.0
PARK7,bin,rs225114,0.24546505903734506,0.010664032646087722,0.0
PARK7,bin,rs11590889,0.24435632908082203,0.010667377145414483,0.0
PARK7,bin,rs6682378,0.24439297268834514,0.010669360579667353,0.0
PARK7,bin,rs4908732,0.2441218028835767,0.010653945232395037,0.0
PARK7,bin,rs9434603,0.24421372441817668,0.010657344369245416,0.0
PARK7,bin,rs6698516,0.24418995791865344,0.01065680744549084,0.0
PARK7,bin,rs6577469,0.24432528340157597,0.010662368044784702,0.0
PARK7,bin,rs713194,0.24439381678223823,0.010657765363299352,0.0
PARK7,bin,rs9434999,0.24443906330473228,0.010658952213814674,0.0
PARK7,bin,rs10864332,0.2444327461746796,0.010658521148210386,0.0
PARK7,bin,rs4908734,0.2444004061025011,0.010657543120973303,0.0
PARK7,bin,rs4908735,0.24440030240293875,0.010657542790050632,0.0
