TCGA_patient,gene,vep_impact,consequence_type,ssm_id
TCGA-18-3407,KEAP1,MODERATE,missense_variant,928c357e-7417-558b-939b-71c455e0b193
TCGA-18-3408,NFE2L2,MODERATE,inframe_deletion,f8fbfe49-f351-5563-b8cd-934c5491af71
TCGA-18-3409,KEAP1,MODERATE,missense_variant,aaaf6ca4-7445-5476-b88c-63a78c9c2b17
TCGA-18-3411,NFE2L2,MODERATE,missense_variant,856e2239-2495-571c-a3ec-dd699e36e934
TCGA-18-3415,NFE2L2,MODERATE,missense_variant,93501649-0eb1-5e15-8e9d-0e7a77633f27
TCGA-18-4721,CUL3,HIGH,stop_gained,44fad3f2-40bb-5deb-9fad-9e1cfdc9038b
TCGA-18-4721,NFE2L2,MODERATE,missense_variant,fd1777d9-bed7-515b-a889-4c0986d830d2
TCGA-18-5592,CUL3,HIGH,splice_acceptor_variant,59ad1fb9-625b-587f-9746-f12783fd179c
TCGA-18-5592,NFE2L2,MODERATE,missense_variant,3741afbf-3a8b-50a1-a6d0-d56ae3119c1f
TCGA-18-5595,CUL3,HIGH,stop_gained,490379d0-0852-525f-b77d-bba7813e1bd5
TCGA-18-5595,KEAP1,MODERATE,missense_variant,7d24c25f-69f0-5421-979d-7ddb653040db
TCGA-18-5595,KEAP1,MODERATE,missense_variant,f1f716fe-b72e-517b-b88a-539543b17df2
TCGA-21-1071,NFE2L2,MODERATE,missense_variant,1c71cbfc-0b0b-52b1-b0ac-62ba18bad30d
TCGA-21-1075,NFE2L2,MODERATE,missense_variant,369478af-85ae-53e4-8ffe-e1c9f5afa67a
TCGA-21-1083,CUL3,HIGH,stop_gained,d997ef7d-fccf-528f-ba4b-ee28c2e559ed
TCGA-21-1083,KEAP1,MODERATE,missense_variant,3115433f-f18a-5af1-ae7c-b07a6ce0efd7
TCGA-22-4594,KEAP1,HIGH,frameshift_variant,89291d6e-ca96-5c9b-886e-e73c7c2df806
TCGA-22-4594,NFE2L2,MODERATE,missense_variant,750b4a8a-45cb-58df-b94c-30c232a89579
TCGA-22-4599,KEAP1,MODERATE,missense_variant,928c357e-7417-558b-939b-71c455e0b193
TCGA-22-4605,NFE2L2,MODERATE,missense_variant,369478af-85ae-53e4-8ffe-e1c9f5afa67a
TCGA-22-5473,NFE2L2,MODERATE,missense_variant,4a0c2261-ba69-55fd-9c82-8b2ea19d5e96
TCGA-22-5474,NFE2L2,MODERATE,missense_variant,5c1fdd50-8f3d-5cdd-b8e5-6e2a455febf6
TCGA-22-5477,NFE2L2,MODERATE,missense_variant,fd1777d9-bed7-515b-a889-4c0986d830d2
TCGA-22-5479,NFE2L2,MODERATE,missense_variant,9e0ced56-902f-538f-b555-0ea06de2356b
TCGA-22-5482,NFE2L2,MODERATE,inframe_deletion,3a380117-d652-569d-8032-1a14103bcea7
TCGA-22-5483,NFE2L2,MODERATE,missense_variant,93501649-0eb1-5e15-8e9d-0e7a77633f27
TCGA-33-4532,KEAP1,HIGH,frameshift_variant,a3b44330-a17d-58ee-a715-3730ad52ebc5
TCGA-33-4538,KEAP1,MODERATE,missense_variant,98af6f7e-c3f3-5263-81a2-569ea89b86f5
TCGA-33-4589,NFE2L2,MODERATE,missense_variant,883b64f5-6839-5054-97ec-7def7a53d731
TCGA-33-6738,KEAP1,MODERATE,missense_variant,1978ec50-3e2b-51f3-969d-983255e0c237
TCGA-33-A5GW,NFE2L2,MODERATE,missense_variant,9e0ced56-902f-538f-b555-0ea06de2356b
TCGA-33-AAS8,NFE2L2,MODERATE,missense_variant,883b64f5-6839-5054-97ec-7def7a53d731
TCGA-33-AASB,KEAP1,MODERATE,missense_variant,8df62b4d-19be-5c21-8151-fbf7e9433f61
TCGA-33-AASD,KEAP1,MODERATE,missense_variant,7276aa50-5394-527d-afce-b5eeccb19f93
TCGA-33-AASJ,KEAP1,MODERATE,missense_variant,a45e40eb-e539-5ad4-aa3f-dca6bf87e32f
TCGA-34-2596,NFE2L2,MODERATE,missense_variant,eaf308e7-4bcf-5315-a0f1-e7130856bd8e
TCGA-34-2605,KEAP1,MODERATE,missense_variant,a1a9de5f-488d-55c8-8bb3-38d8c2ab35fe
TCGA-34-5236,NFE2L2,MODERATE,missense_variant,9e0ced56-902f-538f-b555-0ea06de2356b
TCGA-34-5240,NFE2L2,MODERATE,missense_variant,369478af-85ae-53e4-8ffe-e1c9f5afa67a
TCGA-34-5928,CUL3,MODERATE,missense_variant,63d6c1a3-e3bc-533c-a834-0a005b18abe0
TCGA-37-4132,KEAP1,MODERATE,missense_variant,1f8b2bab-42da-56c7-9194-5c0794d9f827
TCGA-37-4133,KEAP1,MODERATE,missense_variant,f9a008bc-0777-53ee-9578-b7d262aaac67
TCGA-37-4135,NFE2L2,MODERATE,missense_variant,e141890f-2096-5484-9f36-c8e22963796f
TCGA-37-4141,CUL3,MODERATE,missense_variant,e47d2eae-3fe3-54f1-901d-21c56cdd3f94
TCGA-37-5819,KEAP1,MODERATE,missense_variant,0b2247b3-05ff-53aa-bc36-ff9bde4425e2
TCGA-37-A5EN,KEAP1,MODERATE,missense_variant,bb45a3db-7bc9-5869-9373-1bf888c4ba5b
TCGA-39-5011,KEAP1,MODERATE,missense_variant,ff5f9286-4ba9-522c-bb8a-e919ca3aa55f
TCGA-39-5016,CUL3,MODERATE,missense_variant,878f2952-026c-5a9a-9285-3d0ce8402381
TCGA-39-5021,CUL3,MODERATE,missense_variant,6c7787e6-03f6-53fb-ad90-1bd03dcebd5d
TCGA-39-5021,CUL3,HIGH,splice_donor_variant,d8e2ff97-0dc2-5b5b-95e0-afe5631e03cf
TCGA-39-5022,NFE2L2,MODERATE,missense_variant,5c1fdd50-8f3d-5cdd-b8e5-6e2a455febf6
TCGA-39-5034,CUL3,MODERATE,missense_variant,0878e41b-73a3-51ca-9720-7c10d24ea2f2
TCGA-39-5034,KEAP1,MODERATE,missense_variant,b2c688b8-086b-5a9a-8a84-7265aad3397f
TCGA-39-5036,KEAP1,MODERATE,missense_variant,b3484c54-d549-50af-9f4c-cdf1b4df3acf
TCGA-43-2578,KEAP1,MODERATE,missense_variant,47a34ea5-e6fd-52aa-8e14-c88d955866a8
TCGA-43-6143,KEAP1,MODERATE,missense_variant,60621684-b9b0-5488-9ab7-017106fb77ce
TCGA-43-6773,NFE2L2,MODERATE,missense_variant,eaf308e7-4bcf-5315-a0f1-e7130856bd8e
TCGA-43-A474,CUL3,MODERATE,missense_variant,aa20867d-aede-5245-969a-5006312987d6
TCGA-46-3765,NFE2L2,MODERATE,missense_variant,fac3e116-729b-5c3a-a3ad-6186505e6e4f
TCGA-46-3768,NFE2L2,MODERATE,missense_variant,369478af-85ae-53e4-8ffe-e1c9f5afa67a
TCGA-46-6025,KEAP1,HIGH,stop_gained,86a68b31-046e-5323-b013-38fa1eaf0624
TCGA-51-4079,NFE2L2,MODERATE,missense_variant,4c35e5b4-160e-50d1-8a34-95a7303c76cc
TCGA-51-4081,KEAP1,MODERATE,missense_variant,a54d5071-b27a-58ef-af6d-aa389bcd992f
TCGA-51-4081,NFE2L2,MODERATE,missense_variant,fac3e116-729b-5c3a-a3ad-6186505e6e4f
TCGA-52-7622,NFE2L2,MODERATE,missense_variant,6cb12e09-7039-5044-beb6-3c7d7c570a8a
TCGA-56-5897,NFE2L2,MODERATE,missense_variant,5c1fdd50-8f3d-5cdd-b8e5-6e2a455febf6
TCGA-56-7223,CUL3,MODERATE,missense_variant,0d810d06-7c5e-50d7-bb1f-decfe955708f
TCGA-56-7223,CUL3,HIGH,splice_acceptor_variant,59ad1fb9-625b-587f-9746-f12783fd179c
TCGA-56-7582,NFE2L2,MODERATE,missense_variant,cd25cbd1-3cfc-551a-9f05-2dff7cd95ade
TCGA-56-7730,KEAP1,MODERATE,inframe_deletion,2c184a74-d8f8-5777-920a-55075cbd8928
TCGA-56-7730,KEAP1,MODERATE,missense_variant,d8d2b46f-e68e-5cce-879c-f34c73af782c
TCGA-56-8504,KEAP1,MODERATE,missense_variant,aabf850c-4ca3-5883-b3e1-19626b47ed86
TCGA-56-8629,NFE2L2,MODERATE,missense_variant,883b64f5-6839-5054-97ec-7def7a53d731
TCGA-56-A4BY,NFE2L2,MODERATE,missense_variant,1c71cbfc-0b0b-52b1-b0ac-62ba18bad30d
TCGA-56-A62T,KEAP1,MODERATE,missense_variant,8a34325f-e307-5838-88e3-66ea8c15e190
TCGA-58-8393,NFE2L2,MODERATE,inframe_deletion,5c53baf2-fc6c-5aad-bfdd-62d3748caf7c
TCGA-58-A46K,NFE2L2,MODERATE,missense_variant,883b64f5-6839-5054-97ec-7def7a53d731
TCGA-58-A46M,KEAP1,MODERATE,inframe_deletion,734adcc7-09d8-547b-96de-388d5f488ac1
TCGA-60-2696,CUL3,HIGH,splice_donor_variant,612f39a2-3199-5e74-a4cc-aaacfb5e5973
TCGA-60-2698,CUL3,MODERATE,missense_variant,39cbd0eb-f41a-55ea-b08d-2f444be4c5cb
TCGA-60-2709,NFE2L2,MODERATE,missense_variant,38b049ef-fde1-5d21-9348-96a9d1be724a
TCGA-60-2710,KEAP1,MODERATE,missense_variant,5988709d-3089-57d8-b6c7-b0929a168ad4
TCGA-60-2714,CUL3,HIGH,splice_acceptor_variant,0aabba8d-0b47-5118-92b6-b0b0c92b0b94
TCGA-60-2723,KEAP1,MODERATE,missense_variant,4878d89e-4cd7-585c-bb4d-de887673a934
TCGA-63-A5M9,KEAP1,MODERATE,missense_variant,d810f8e5-7ae2-5656-8671-e5a0507e54e9
TCGA-63-A5MB,NFE2L2,MODERATE,missense_variant,81b611cc-e066-5634-ada9-5546cc1b33ba
TCGA-63-A5MJ,NFE2L2,MODERATE,missense_variant,ec40f0dd-b870-50fc-acea-1ef467d618b1
TCGA-63-A5ML,NFE2L2,MODERATE,missense_variant,856e2239-2495-571c-a3ec-dd699e36e934
TCGA-63-A5MY,NFE2L2,MODERATE,missense_variant,12e7aeb5-0aaa-574c-9874-804b676f7ab6
TCGA-66-2754,KEAP1,MODERATE,missense_variant,3ab06448-ff3f-58fb-80c6-ba6b96c682f1
TCGA-66-2766,NFE2L2,MODERATE,missense_variant,93501649-0eb1-5e15-8e9d-0e7a77633f27
TCGA-66-2770,NFE2L2,MODERATE,missense_variant,5c1fdd50-8f3d-5cdd-b8e5-6e2a455febf6
TCGA-66-2773,KEAP1,MODERATE,missense_variant,0f893374-f3ea-5807-81c0-36fc9136bb11
TCGA-66-2773,KEAP1,MODERATE,missense_variant,5988709d-3089-57d8-b6c7-b0929a168ad4
TCGA-66-2777,KEAP1,MODERATE,missense_variant,e83a7742-0ebd-5f20-a7e0-2731c1d590d8
TCGA-66-2783,NFE2L2,MODERATE,missense_variant,883b64f5-6839-5054-97ec-7def7a53d731
TCGA-66-2785,CUL3,MODERATE,missense_variant,ae02cded-c055-5c25-a8be-180706049ba9
TCGA-66-2787,NFE2L2,MODERATE,missense_variant,38b049ef-fde1-5d21-9348-96a9d1be724a
TCGA-66-2795,NFE2L2,MODERATE,missense_variant,fd1777d9-bed7-515b-a889-4c0986d830d2
TCGA-68-7755,NFE2L2,MODERATE,missense_variant,9e0ced56-902f-538f-b555-0ea06de2356b
TCGA-68-7756,NFE2L2,MODERATE,missense_variant,fac3e116-729b-5c3a-a3ad-6186505e6e4f
TCGA-68-A59J,NFE2L2,MODERATE,missense_variant,93501649-0eb1-5e15-8e9d-0e7a77633f27
TCGA-77-6843,NFE2L2,MODERATE,missense_variant,856e2239-2495-571c-a3ec-dd699e36e934
TCGA-77-6845,KEAP1,MODERATE,missense_variant,128238b2-3d6a-561e-9aac-8c49ddd0ed4e
TCGA-77-7338,KEAP1,MODERATE,missense_variant,6098215e-1ea3-50f2-bdeb-a0a2c9fb0445
TCGA-77-7463,CUL3,HIGH,splice_donor_variant,7c31c99b-e1b2-59a4-bf9a-2346d5d8cd92
TCGA-77-8009,KEAP1,MODERATE,missense_variant,7aaa0a45-0c57-5e58-9757-d8b1fe5cc186
TCGA-77-8146,KEAP1,MODERATE,missense_variant,688d2039-8215-51d7-b9b4-ba689a8d3375
TCGA-77-8150,CUL3,MODERATE,missense_variant,06796189-f0df-541a-b031-c488386d0343
TCGA-77-8153,KEAP1,MODERATE,missense_variant,77ad9789-39c4-534f-b75d-d7635bdee961
TCGA-77-A5GF,NFE2L2,MODERATE,missense_variant,fac3e116-729b-5c3a-a3ad-6186505e6e4f
TCGA-85-7696,NFE2L2,MODERATE,missense_variant,5c1fdd50-8f3d-5cdd-b8e5-6e2a455febf6
TCGA-85-7698,KEAP1,MODERATE,missense_variant,b208a8c1-5da3-52b2-844d-31cd673d6d12
TCGA-85-8049,NFE2L2,MODERATE,missense_variant,856e2239-2495-571c-a3ec-dd699e36e934
TCGA-85-8052,NFE2L2,MODERATE,missense_variant,5c1fdd50-8f3d-5cdd-b8e5-6e2a455febf6
TCGA-85-8070,KEAP1,MODERATE,missense_variant,95776b95-60e5-5624-a6f8-3f6ebe93b6bb
TCGA-85-8276,NFE2L2,MODERATE,missense_variant,6d57bb86-92f5-5818-a226-682e57913b87
TCGA-85-8354,KEAP1,MODERATE,missense_variant,ac3ecb8c-832b-58fa-b8b1-5beaad3ace8a
TCGA-85-8354,NFE2L2,MODERATE,missense_variant,ff5069f4-2c18-5005-b95f-a9806d13a04c
TCGA-85-8584,KEAP1,HIGH,frameshift_variant,f7fd549d-7aa8-521b-a04b-b3e1e6582e98
TCGA-85-8666,CUL3,MODERATE,missense_variant,19e4feab-f312-5f3d-a07e-205cfa67a0e6
TCGA-85-A4CL,NFE2L2,MODERATE,missense_variant,93501649-0eb1-5e15-8e9d-0e7a77633f27
TCGA-85-A4CN,CUL3,HIGH,splice_acceptor_variant,db2ad5e3-88a6-5df1-9fba-d49db29aaba5
TCGA-90-7767,NFE2L2,MODERATE,missense_variant,0548c33b-0f8a-520f-9af2-6cdb88a949c4
TCGA-90-7769,NFE2L2,MODERATE,protein_altering_variant,2d3d0642-6508-5fc1-83ab-ed06fb2344bf
TCGA-90-7964,KEAP1,MODERATE,missense_variant,809687bb-93e6-5f1c-b708-4cb0e3746cd2
TCGA-92-7340,KEAP1,MODERATE,missense_variant,f0290e7b-158f-5929-90e2-fd57536df9aa
TCGA-92-7341,NFE2L2,MODERATE,missense_variant,369478af-85ae-53e4-8ffe-e1c9f5afa67a
TCGA-92-8063,KEAP1,MODERATE,missense_variant,00fec257-a8f4-5f68-8be9-066a0910876d
TCGA-92-8064,NFE2L2,MODERATE,missense_variant,38af09f2-30e9-595e-ab08-78fe382f44a2
TCGA-92-8064,NFE2L2,MODERATE,missense_variant,81f1b1ed-5149-5ca7-a16c-874b163debd6
TCGA-94-7943,NFE2L2,MODERATE,missense_variant,856e2239-2495-571c-a3ec-dd699e36e934
TCGA-94-8490,KEAP1,MODERATE,missense_variant,1b163bff-e3da-5a57-9181-125bf6af3e8c
TCGA-94-A5I6,NFE2L2,MODERATE,missense_variant,5c1fdd50-8f3d-5cdd-b8e5-6e2a455febf6
TCGA-96-7545,NFE2L2,MODERATE,missense_variant,fd1777d9-bed7-515b-a889-4c0986d830d2
TCGA-96-A4JK,CUL3,MODERATE,missense_variant,445d9db4-3722-5fe7-b83b-fcd309599e3b
TCGA-98-A539,KEAP1,MODERATE,missense_variant,0f893374-f3ea-5807-81c0-36fc9136bb11
TCGA-98-A53A,CUL3,HIGH,frameshift_variant,4c9c505d-9c86-5e95-b359-1cf4a1fa7d2a
TCGA-98-A53I,NFE2L2,MODERATE,missense_variant,9e0ced56-902f-538f-b555-0ea06de2356b
TCGA-J1-A4AH,NFE2L2,MODERATE,missense_variant,40dfbd1a-01c8-5ae5-8dce-efb40d34e5a1
TCGA-L3-A524,NFE2L2,MODERATE,missense_variant,c44df61a-71a0-5e80-ac6a-39ee35fb9e5d
TCGA-LA-A446,NFE2L2,MODERATE,missense_variant,fd1777d9-bed7-515b-a889-4c0986d830d2
TCGA-MF-A522,KEAP1,MODERATE,missense_variant,d6a8602a-9513-5f38-971f-7b87de5bf912
TCGA-NC-A5HR,NFE2L2,MODERATE,missense_variant,856e2239-2495-571c-a3ec-dd699e36e934
TCGA-NK-A5CR,NFE2L2,MODERATE,inframe_deletion,69f63cdd-0538-50c3-9407-c4b712a59aa0
TCGA-O2-A52Q,KEAP1,MODERATE,missense_variant,b2c688b8-086b-5a9a-8a84-7265aad3397f
TCGA-O2-A52S,CUL3,HIGH,splice_acceptor_variant,59ad1fb9-625b-587f-9746-f12783fd179c
TCGA-O2-A52S,CUL3,MODERATE,missense_variant,9315e8ec-616b-58bb-a4e3-0177a73d27e9
TCGA-XC-AA0X,KEAP1,MODERATE,missense_variant,95776b95-60e5-5624-a6f8-3f6ebe93b6bb
