TCGA_patient,WXS_covered,KEAP1_mutated,NFE2L2_mutated,CUL3_mutated,pathway_mutated
TCGA-18-3406,1,0,0,0,0
TCGA-18-3407,1,1,0,0,1
TCGA-18-3408,1,0,1,0,1
TCGA-18-3409,1,1,0,0,1
TCGA-18-3410,1,0,0,0,0
TCGA-18-3411,1,0,1,0,1
TCGA-18-3412,1,0,0,0,0
TCGA-18-3414,1,0,0,0,0
TCGA-18-3415,1,0,1,0,1
TCGA-18-3416,1,0,0,0,0
TCGA-18-3417,1,0,0,0,0
TCGA-18-3419,1,0,0,0,0
TCGA-18-3421,1,0,0,0,0
TCGA-18-4083,1,0,0,0,0
TCGA-18-4086,1,0,0,0,0
TCGA-18-4721,1,0,1,1,1
TCGA-18-5592,1,0,1,1,1
TCGA-18-5595,1,1,0,1,1
TCGA-21-1070,1,0,0,0,0
TCGA-21-1071,1,0,1,0,1
TCGA-21-1075,1,0,1,0,1
TCGA-21-1076,1,0,0,0,0
TCGA-21-1077,1,0,0,0,0
TCGA-21-1078,1,0,0,0,0
TCGA-21-1079,1,0,0,0,0
TCGA-21-1080,1,0,0,0,0
TCGA-21-1081,1,0,0,0,0
TCGA-21-1082,1,0,0,0,0
TCGA-21-1083,1,1,0,1,1
TCGA-21-5782,1,0,0,0,0
TCGA-21-5783,1,0,0,0,0
TCGA-21-5784,1,0,0,0,0
TCGA-21-5786,1,0,0,0,0
TCGA-21-5787,1,0,0,0,0
TCGA-21-A5DI,1,0,0,0,0
TCGA-22-0940,1,0,0,0,0
TCGA-22-0944,1,0,0,0,0
TCGA-22-1000,1,0,0,0,0
TCGA-22-1002,1,0,0,0,0
TCGA-22-1005,1,0,0,0,0
TCGA-22-1011,1,0,0,0,0
TCGA-22-1012,1,0,0,0,0
TCGA-22-1016,1,0,0,0,0
TCGA-22-4591,1,0,0,0,0
TCGA-22-4593,1,0,0,0,0
TCGA-22-4594,1,1,1,0,1
TCGA-22-4595,1,0,0,0,0
TCGA-22-4596,1,0,0,0,0
TCGA-22-4599,1,1,0,0,1
TCGA-22-4601,1,0,0,0,0
TCGA-22-4604,1,0,0,0,0
TCGA-22-4605,1,0,1,0,1
TCGA-22-4607,1,0,0,0,0
TCGA-22-4609,1,0,0,0,0
TCGA-22-4613,1,0,0,0,0
TCGA-22-5471,1,0,0,0,0
TCGA-22-5472,1,0,0,0,0
TCGA-22-5473,1,0,1,0,1
TCGA-22-5474,1,0,1,0,1
TCGA-22-5477,1,0,1,0,1
TCGA-22-5478,1,0,0,0,0
TCGA-22-5479,1,0,1,0,1
TCGA-22-5480,1,0,0,0,0
TCGA-22-5481,1,0,0,0,0
TCGA-22-5482,1,0,1,0,1
TCGA-22-5483,1,0,1,0,1
TCGA-22-5485,1,0,0,0,0
TCGA-22-5489,1,0,0,0,0
TCGA-22-5491,1,0,0,0,0
TCGA-22-5492,1,0,0,0,0
TCGA-22-A5C4,1,0,0,0,0
TCGA-33-4532,1,1,0,0,1
TCGA-33-4533,1,0,0,0,0
TCGA-33-4538,1,1,0,0,1
TCGA-33-4547,1,0,0,0,0
TCGA-33-4566,1,0,0,0,0
TCGA-33-4582,1,0,0,0,0
TCGA-33-4583,1,0,0,0,0
TCGA-33-4587,1,0,0,0,0
TCGA-33-4589,1,0,1,0,1
TCGA-33-6738,1,1,0,0,1
TCGA-33-A5GW,1,0,1,0,1
TCGA-33-AAS8,1,0,1,0,1
TCGA-33-AASB,1,1,0,0,1
TCGA-33-AASD,1,1,0,0,1
TCGA-33-AASI,1,0,0,0,0
TCGA-33-AASJ,1,1,0,0,1
TCGA-33-AASL,1,0,0,0,0
TCGA-34-2596,1,0,1,0,1
TCGA-34-2600,1,0,0,0,0
TCGA-34-2604,1,0,0,0,0
TCGA-34-2605,1,1,0,0,1
TCGA-34-2608,1,0,0,0,0
TCGA-34-2609,1,0,0,0,0
TCGA-34-5231,1,0,0,0,0
TCGA-34-5232,1,0,0,0,0
TCGA-34-5234,1,0,0,0,0
TCGA-34-5236,1,0,1,0,1
TCGA-34-5239,1,0,0,0,0
TCGA-34-5240,1,0,1,0,1
TCGA-34-5241,1,0,0,0,0
TCGA-34-5927,1,0,0,0,0
TCGA-34-5928,1,0,0,1,1
TCGA-34-5929,1,0,0,0,0
TCGA-34-7107,1,0,0,0,0
TCGA-34-8454,1,0,0,0,0
TCGA-34-8455,1,0,0,0,0
TCGA-34-8456,1,0,0,0,0
TCGA-34-A5IX,1,0,0,0,0
TCGA-37-3783,1,0,0,0,0
TCGA-37-3789,1,0,0,0,0
TCGA-37-3792,1,0,0,0,0
TCGA-37-4129,1,0,0,0,0
TCGA-37-4132,1,1,0,0,1
TCGA-37-4133,1,1,0,0,1
TCGA-37-4135,1,0,1,0,1
TCGA-37-4141,1,0,0,1,1
TCGA-37-5819,1,1,0,0,1
TCGA-37-A5EL,1,0,0,0,0
TCGA-37-A5EM,1,0,0,0,0
TCGA-37-A5EN,1,1,0,0,1
TCGA-39-5011,1,1,0,0,1
TCGA-39-5016,1,0,0,1,1
TCGA-39-5019,1,0,0,0,0
TCGA-39-5021,1,0,0,1,1
TCGA-39-5022,1,0,1,0,1
TCGA-39-5024,1,0,0,0,0
TCGA-39-5028,1,0,0,0,0
TCGA-39-5029,1,0,0,0,0
TCGA-39-5030,1,0,0,0,0
TCGA-39-5031,1,0,0,0,0
TCGA-39-5034,1,1,0,1,1
TCGA-39-5035,1,0,0,0,0
TCGA-39-5036,1,1,0,0,1
TCGA-39-5037,1,0,0,0,0
TCGA-39-5039,1,0,0,0,0
TCGA-39-5040,1,0,0,0,0
TCGA-43-2576,1,0,0,0,0
TCGA-43-2578,1,1,0,0,1
TCGA-43-2581,1,0,0,0,0
TCGA-43-3394,1,0,0,0,0
TCGA-43-3920,1,0,0,0,0
TCGA-43-5668,1,0,0,0,0
TCGA-43-5670,1,0,0,0,0
TCGA-43-6143,1,1,0,0,1
TCGA-43-6647,1,0,0,0,0
TCGA-43-6770,1,0,0,0,0
TCGA-43-6771,1,0,0,0,0
TCGA-43-6773,1,0,1,0,1
TCGA-43-7656,1,0,0,0,0
TCGA-43-7657,1,0,0,0,0
TCGA-43-7658,1,0,0,0,0
TCGA-43-8115,1,0,0,0,0
TCGA-43-8116,1,0,0,0,0
TCGA-43-8118,1,0,0,0,0
TCGA-43-A474,1,0,0,1,1
TCGA-43-A475,1,0,0,0,0
TCGA-43-A56U,1,0,0,0,0
TCGA-43-A56V,1,0,0,0,0
TCGA-46-3765,1,0,1,0,1
TCGA-46-3767,1,0,0,0,0
TCGA-46-3768,1,0,1,0,1
TCGA-46-3769,1,0,0,0,0
TCGA-46-6025,1,1,0,0,1
TCGA-46-6026,1,0,0,0,0
TCGA-51-4079,1,0,1,0,1
TCGA-51-4080,1,0,0,0,0
TCGA-51-4081,1,1,1,0,1
TCGA-51-6867,1,0,0,0,0
TCGA-52-7622,1,0,1,0,1
TCGA-52-7809,1,0,0,0,0
TCGA-52-7810,1,0,0,0,0
TCGA-52-7811,1,0,0,0,0
TCGA-52-7812,1,0,0,0,0
TCGA-56-1622,1,0,0,0,0
TCGA-56-5897,1,0,1,0,1
TCGA-56-5898,1,0,0,0,0
TCGA-56-6545,1,0,0,0,0
TCGA-56-6546,1,0,0,0,0
TCGA-56-7221,1,0,0,0,0
TCGA-56-7222,1,0,0,0,0
TCGA-56-7223,1,0,0,1,1
TCGA-56-7579,1,0,0,0,0
TCGA-56-7580,1,0,0,0,0
TCGA-56-7582,1,0,1,0,1
TCGA-56-7730,1,1,0,0,1
TCGA-56-7731,1,0,0,0,0
TCGA-56-7822,1,0,0,0,0
TCGA-56-7823,1,0,0,0,0
TCGA-56-8082,1,0,0,0,0
TCGA-56-8083,1,0,0,0,0
TCGA-56-8201,1,0,0,0,0
TCGA-56-8304,1,0,0,0,0
TCGA-56-8305,1,0,0,0,0
TCGA-56-8307,1,0,0,0,0
TCGA-56-8308,1,0,0,0,0
TCGA-56-8309,1,0,0,0,0
TCGA-56-8503,1,0,0,0,0
TCGA-56-8504,1,1,0,0,1
TCGA-56-8622,1,0,0,0,0
TCGA-56-8623,1,0,0,0,0
TCGA-56-8624,1,0,0,0,0
TCGA-56-8625,1,0,0,0,0
TCGA-56-8626,1,0,0,0,0
TCGA-56-8628,1,0,0,0,0
TCGA-56-8629,1,0,1,0,1
TCGA-56-A49D,1,0,0,0,0
TCGA-56-A4BW,1,0,0,0,0
TCGA-56-A4BX,1,0,0,0,0
TCGA-56-A4BY,1,0,1,0,1
TCGA-56-A4ZJ,1,0,0,0,0
TCGA-56-A4ZK,1,0,0,0,0
TCGA-56-A5DR,1,0,0,0,0
TCGA-56-A5DS,1,0,0,0,0
TCGA-56-A62T,1,1,0,0,1
TCGA-58-8386,1,0,0,0,0
TCGA-58-8387,1,0,0,0,0
TCGA-58-8388,1,0,0,0,0
TCGA-58-8390,1,0,0,0,0
TCGA-58-8391,1,0,0,0,0
TCGA-58-8392,1,0,0,0,0
TCGA-58-8393,1,0,1,0,1
TCGA-58-A46J,1,0,0,0,0
TCGA-58-A46K,1,0,1,0,1
TCGA-58-A46L,1,0,0,0,0
TCGA-58-A46M,1,1,0,0,1
TCGA-58-A46N,1,0,0,0,0
TCGA-60-2695,1,0,0,0,0
TCGA-60-2696,1,0,0,1,1
TCGA-60-2697,1,0,0,0,0
TCGA-60-2698,1,0,0,1,1
TCGA-60-2703,1,0,0,0,0
TCGA-60-2704,1,0,0,0,0
TCGA-60-2706,1,0,0,0,0
TCGA-60-2707,1,0,0,0,0
TCGA-60-2708,1,0,0,0,0
TCGA-60-2709,1,0,1,0,1
TCGA-60-2710,1,1,0,0,1
TCGA-60-2711,1,0,0,0,0
TCGA-60-2712,1,0,0,0,0
TCGA-60-2713,1,0,0,0,0
TCGA-60-2714,1,0,0,1,1
TCGA-60-2715,1,0,0,0,0
TCGA-60-2716,1,0,0,0,0
TCGA-60-2719,1,0,0,0,0
TCGA-60-2720,1,0,0,0,0
TCGA-60-2721,1,0,0,0,0
TCGA-60-2722,1,0,0,0,0
TCGA-60-2723,1,1,0,0,1
TCGA-60-2724,1,0,0,0,0
TCGA-60-2725,1,0,0,0,0
TCGA-60-2726,1,0,0,0,0
TCGA-63-5128,1,0,0,0,0
TCGA-63-5131,1,0,0,0,0
TCGA-63-6202,1,0,0,0,0
TCGA-63-7020,1,0,0,0,0
TCGA-63-7021,1,0,0,0,0
TCGA-63-7022,1,0,0,0,0
TCGA-63-7023,1,0,0,0,0
TCGA-63-A5M9,1,1,0,0,1
TCGA-63-A5MB,1,0,1,0,1
TCGA-63-A5MG,1,0,0,0,0
TCGA-63-A5MH,1,0,0,0,0
TCGA-63-A5MI,1,0,0,0,0
TCGA-63-A5MJ,1,0,1,0,1
TCGA-63-A5ML,1,0,1,0,1
TCGA-63-A5MM,1,0,0,0,0
TCGA-63-A5MN,1,0,0,0,0
TCGA-63-A5MP,1,0,0,0,0
TCGA-63-A5MR,1,0,0,0,0
TCGA-63-A5MS,1,0,0,0,0
TCGA-63-A5MT,1,0,0,0,0
TCGA-63-A5MU,1,0,0,0,0
TCGA-63-A5MV,1,0,0,0,0
TCGA-63-A5MW,1,0,0,0,0
TCGA-63-A5MY,1,0,1,0,1
TCGA-66-2727,1,0,0,0,0
TCGA-66-2734,1,0,0,0,0
TCGA-66-2742,1,0,0,0,0
TCGA-66-2744,1,0,0,0,0
TCGA-66-2754,1,1,0,0,1
TCGA-66-2755,1,0,0,0,0
TCGA-66-2756,1,0,0,0,0
TCGA-66-2757,1,0,0,0,0
TCGA-66-2758,1,0,0,0,0
TCGA-66-2759,1,0,0,0,0
TCGA-66-2763,1,0,0,0,0
TCGA-66-2765,1,0,0,0,0
TCGA-66-2766,1,0,1,0,1
TCGA-66-2767,1,0,0,0,0
TCGA-66-2768,1,0,0,0,0
TCGA-66-2769,1,0,0,0,0
TCGA-66-2770,1,0,1,0,1
TCGA-66-2771,1,0,0,0,0
TCGA-66-2773,1,1,0,0,1
TCGA-66-2777,1,1,0,0,1
TCGA-66-2778,1,0,0,0,0
TCGA-66-2780,1,0,0,0,0
TCGA-66-2781,1,0,0,0,0
TCGA-66-2782,1,0,0,0,0
TCGA-66-2783,1,0,1,0,1
TCGA-66-2785,1,0,0,1,1
TCGA-66-2786,1,0,0,0,0
TCGA-66-2787,1,0,1,0,1
TCGA-66-2788,1,0,0,0,0
TCGA-66-2789,1,0,0,0,0
TCGA-66-2791,1,0,0,0,0
TCGA-66-2792,1,0,0,0,0
TCGA-66-2793,1,0,0,0,0
TCGA-66-2794,1,0,0,0,0
TCGA-66-2795,1,0,1,0,1
TCGA-66-2800,1,0,0,0,0
TCGA-68-7755,1,0,1,0,1
TCGA-68-7756,1,0,1,0,1
TCGA-68-7757,1,0,0,0,0
TCGA-68-8250,1,0,0,0,0
TCGA-68-8251,1,0,0,0,0
TCGA-68-A59J,1,0,1,0,1
TCGA-6A-AB49,1,0,0,0,0
TCGA-70-6722,1,0,0,0,0
TCGA-70-6723,1,0,0,0,0
TCGA-77-6842,1,0,0,0,0
TCGA-77-6843,1,0,1,0,1
TCGA-77-6844,1,0,0,0,0
TCGA-77-6845,1,1,0,0,1
TCGA-77-7138,1,0,0,0,0
TCGA-77-7139,1,0,0,0,0
TCGA-77-7140,1,0,0,0,0
TCGA-77-7141,1,0,0,0,0
TCGA-77-7142,1,0,0,0,0
TCGA-77-7335,1,0,0,0,0
TCGA-77-7337,1,0,0,0,0
TCGA-77-7338,1,1,0,0,1
TCGA-77-7463,1,0,0,1,1
TCGA-77-7465,1,0,0,0,0
TCGA-77-8007,1,0,0,0,0
TCGA-77-8008,1,0,0,0,0
TCGA-77-8009,1,1,0,0,1
TCGA-77-8128,1,0,0,0,0
TCGA-77-8130,1,0,0,0,0
TCGA-77-8131,1,0,0,0,0
TCGA-77-8133,1,0,0,0,0
TCGA-77-8136,1,0,0,0,0
TCGA-77-8138,1,0,0,0,0
TCGA-77-8139,1,0,0,0,0
TCGA-77-8140,1,0,0,0,0
TCGA-77-8143,1,0,0,0,0
TCGA-77-8144,1,0,0,0,0
TCGA-77-8145,1,0,0,0,0
TCGA-77-8146,1,1,0,0,1
TCGA-77-8148,1,0,0,0,0
TCGA-77-8150,1,0,0,1,1
TCGA-77-8153,1,1,0,0,1
TCGA-77-8154,1,0,0,0,0
TCGA-77-8156,1,0,0,0,0
TCGA-77-A5FZ,1,0,0,0,0
TCGA-77-A5G1,1,0,0,0,0
TCGA-77-A5G3,1,0,0,0,0
TCGA-77-A5G6,1,0,0,0,0
TCGA-77-A5G7,1,0,0,0,0
TCGA-77-A5G8,1,0,0,0,0
TCGA-77-A5GA,1,0,0,0,0
TCGA-77-A5GB,1,0,0,0,0
TCGA-77-A5GF,1,0,1,0,1
TCGA-77-A5GH,1,0,0,0,0
TCGA-79-5596,1,0,0,0,0
TCGA-85-6175,1,0,0,0,0
TCGA-85-6560,1,0,0,0,0
TCGA-85-6561,1,0,0,0,0
TCGA-85-6798,1,0,0,0,0
TCGA-85-7696,1,0,1,0,1
TCGA-85-7697,1,0,0,0,0
TCGA-85-7698,1,1,0,0,1
TCGA-85-7699,1,0,0,0,0
TCGA-85-7710,1,0,0,0,0
TCGA-85-7843,1,0,0,0,0
TCGA-85-7844,1,0,0,0,0
TCGA-85-7950,1,0,0,0,0
TCGA-85-8048,1,0,0,0,0
TCGA-85-8049,1,0,1,0,1
TCGA-85-8052,1,0,1,0,1
TCGA-85-8070,1,1,0,0,1
TCGA-85-8071,1,0,0,0,0
TCGA-85-8072,1,0,0,0,0
TCGA-85-8276,1,0,1,0,1
TCGA-85-8277,1,0,0,0,0
TCGA-85-8287,1,0,0,0,0
TCGA-85-8288,1,0,0,0,0
TCGA-85-8350,1,0,0,0,0
TCGA-85-8351,1,0,0,0,0
TCGA-85-8352,1,0,0,0,0
TCGA-85-8353,1,0,0,0,0
TCGA-85-8354,1,1,1,0,1
TCGA-85-8355,1,0,0,0,0
TCGA-85-8479,1,0,0,0,0
TCGA-85-8481,1,0,0,0,0
TCGA-85-8580,1,0,0,0,0
TCGA-85-8582,1,0,0,0,0
TCGA-85-8584,1,1,0,0,1
TCGA-85-8664,1,0,0,0,0
TCGA-85-8666,1,0,0,1,1
TCGA-85-A4CL,1,0,1,0,1
TCGA-85-A4CN,1,0,0,1,1
TCGA-85-A4JB,1,0,0,0,0
TCGA-85-A4JC,1,0,0,0,0
TCGA-85-A4PA,1,0,0,0,0
TCGA-85-A4QQ,1,0,0,0,0
TCGA-85-A4QR,1,0,0,0,0
TCGA-85-A50M,1,0,0,0,0
TCGA-85-A50Z,1,0,0,0,0
TCGA-85-A510,1,0,0,0,0
TCGA-85-A511,1,0,0,0,0
TCGA-85-A512,1,0,0,0,0
TCGA-85-A513,1,0,0,0,0
TCGA-85-A53L,1,0,0,0,0
TCGA-85-A5B5,1,0,0,0,0
TCGA-90-6837,1,0,0,0,0
TCGA-90-7766,1,0,0,0,0
TCGA-90-7767,1,0,1,0,1
TCGA-90-7769,1,0,1,0,1
TCGA-90-7964,1,1,0,0,1
TCGA-90-A4ED,1,0,0,0,0
TCGA-90-A4EE,1,0,0,0,0
TCGA-92-7340,1,1,0,0,1
TCGA-92-7341,1,0,1,0,1
TCGA-92-8063,1,1,0,0,1
TCGA-92-8064,1,0,1,0,1
TCGA-92-8065,1,0,0,0,0
TCGA-94-7033,1,0,0,0,0
TCGA-94-7557,1,0,0,0,0
TCGA-94-7943,1,0,1,0,1
TCGA-94-8035,1,0,0,0,0
TCGA-94-8490,1,1,0,0,1
TCGA-94-8491,1,0,0,0,0
TCGA-94-A4VJ,1,0,0,0,0
TCGA-94-A5I4,1,0,0,0,0
TCGA-94-A5I6,1,0,1,0,1
TCGA-96-7544,1,0,0,0,0
TCGA-96-7545,1,0,1,0,1
TCGA-96-8169,1,0,0,0,0
TCGA-96-8170,1,0,0,0,0
TCGA-96-A4JK,1,0,0,1,1
TCGA-96-A4JL,1,0,0,0,0
TCGA-98-7454,1,0,0,0,0
TCGA-98-8020,1,0,0,0,0
TCGA-98-8021,1,0,0,0,0
TCGA-98-8022,1,0,0,0,0
TCGA-98-8023,1,0,0,0,0
TCGA-98-A538,1,0,0,0,0
TCGA-98-A539,1,1,0,0,1
TCGA-98-A53A,1,0,0,1,1
TCGA-98-A53B,1,0,0,0,0
TCGA-98-A53C,1,0,0,0,0
TCGA-98-A53H,1,0,0,0,0
TCGA-98-A53I,1,0,1,0,1
TCGA-98-A53J,1,0,0,0,0
TCGA-J1-A4AH,1,0,1,0,1
TCGA-L3-A4E7,1,0,0,0,0
TCGA-L3-A524,1,0,1,0,1
TCGA-LA-A446,1,0,1,0,1
TCGA-LA-A7SW,1,0,0,0,0
TCGA-MF-A522,1,1,0,0,1
TCGA-NC-A5HD,1,0,0,0,0
TCGA-NC-A5HE,1,0,0,0,0
TCGA-NC-A5HF,1,0,0,0,0
TCGA-NC-A5HG,1,0,0,0,0
TCGA-NC-A5HH,1,0,0,0,0
TCGA-NC-A5HI,1,0,0,0,0
TCGA-NC-A5HJ,1,0,0,0,0
TCGA-NC-A5HK,1,0,0,0,0
TCGA-NC-A5HL,1,0,0,0,0
TCGA-NC-A5HM,1,0,0,0,0
TCGA-NC-A5HN,1,0,0,0,0
TCGA-NC-A5HO,1,0,0,0,0
TCGA-NC-A5HP,1,0,0,0,0
TCGA-NC-A5HQ,1,0,0,0,0
TCGA-NC-A5HR,1,0,1,0,1
TCGA-NC-A5HT,1,0,0,0,0
TCGA-NK-A5CR,1,0,1,0,1
TCGA-NK-A5CT,1,0,0,0,0
TCGA-NK-A5CX,1,0,0,0,0
TCGA-NK-A5D1,1,0,0,0,0
TCGA-NK-A7XE,1,0,0,0,0
TCGA-O2-A52N,1,0,0,0,0
TCGA-O2-A52Q,1,1,0,0,1
TCGA-O2-A52S,1,0,0,1,1
TCGA-O2-A52V,1,0,0,0,0
TCGA-O2-A52W,1,0,0,0,0
TCGA-O2-A5IB,1,0,0,0,0
TCGA-XC-AA0X,1,1,0,0,1
