image_file,specimen_compartment,field_roi_type,roi_x,roi_y,tissue_fraction,dab_od_mean,weak_1plus_percent,moderate_2plus_percent,strong_3plus_percent,image_roi_hscore
S6C_PARK7_IHC_Biopsy_overview_original_deidentified.png,Biopsy,overview,256,0,0.2020263671875,0.5815150270350624,12.077039274924472,16.993957703927492,70.92900302114803,258.85196374622353
S6C_PARK7_IHC_Biopsy_overview_original_deidentified.png,Biopsy,overview,256,256,0.244598388671875,0.5940482683116415,7.1366188396756085,14.504054897067997,78.35932626325639,271.2227074235808
S6C_PARK7_IHC_Biopsy_overview_original_deidentified.png,Biopsy,overview,512,256,0.4656982421875,0.8190254207342978,6.009174311926606,13.728702490170381,80.26212319790301,274.25294888597637
S6C_PARK7_IHC_Biopsy_overview_original_deidentified.png,Biopsy,overview,256,512,0.2093353271484375,0.7774290046845421,7.697354034550623,11.750127560317807,80.55251840513156,272.85516437058095
S6D_PARK7_IHC_Biopsy_matched_field_original_deidentified.png,Biopsy,matched_field,256,0,0.5500946044921875,1.6976456343657174,2.1913400460458794,5.361848492413525,92.44681146154059,290.2554714154947
S6D_PARK7_IHC_Biopsy_matched_field_original_deidentified.png,Biopsy,matched_field,512,0,0.7950439453125,1.5350550112339398,1.7196376477813604,8.676877015200368,89.60348533701827,287.8838476892369
S6D_PARK7_IHC_Biopsy_matched_field_original_deidentified.png,Biopsy,matched_field,768,0,0.7735595703125,1.0175115552078113,3.870127820735364,16.166955972857817,79.96291620640682,276.09278838567144
S6D_PARK7_IHC_Biopsy_matched_field_original_deidentified.png,Biopsy,matched_field,256,256,0.8805389404296875,1.4378518569239194,2.8956625712651842,11.206612715961668,85.89772471277315,283.002062141508
S6D_PARK7_IHC_Biopsy_matched_field_original_deidentified.png,Biopsy,matched_field,512,256,0.918182373046875,1.3780696370799008,2.99298700435404,10.959883005949415,86.04712998969654,283.0541429853425
S6D_PARK7_IHC_Biopsy_matched_field_original_deidentified.png,Biopsy,matched_field,768,256,0.71453857421875,0.774059657173123,9.673699496028016,25.21141197574101,65.11488852823098,255.44118903220297
S6D_PARK7_IHC_Biopsy_matched_field_original_deidentified.png,Biopsy,matched_field,256,512,0.8937530517578125,0.9783926002195625,9.06390316357366,22.155259249142095,68.78083758728424,259.7169344237106
S6D_PARK7_IHC_Biopsy_matched_field_original_deidentified.png,Biopsy,matched_field,512,512,0.94427490234375,1.2276297887036123,2.2994635123779976,9.07181177687286,88.62872471074914,286.32926119837117
S6D_PARK7_IHC_Biopsy_matched_field_original_deidentified.png,Biopsy,matched_field,768,512,0.6328125,1.2798213894745532,2.2738233024691357,4.2486496913580245,93.47752700617285,291.2037037037037
S6G_PARK7_IHC_Surgery_overview_original_deidentified.png,Surgery,overview,256,0,0.53924560546875,0.8568896584683513,5.766836445953594,7.569326542161857,86.66383701188455,280.89700056593097
S6G_PARK7_IHC_Surgery_overview_original_deidentified.png,Surgery,overview,512,0,0.5149688720703125,0.8613858909742426,8.346913982636522,10.681797979199384,80.97128803816409,272.62437405552754
S6G_PARK7_IHC_Surgery_overview_original_deidentified.png,Surgery,overview,768,0,0.2415618896484375,0.7844221193538481,10.649990524919462,11.218495357210537,78.13151411787001,267.48152359295057
S6G_PARK7_IHC_Surgery_overview_original_deidentified.png,Surgery,overview,0,256,0.3976593017578125,0.8337312116851229,7.106404205517823,9.193814512106211,83.69978128237597,276.59337707685813
S6G_PARK7_IHC_Surgery_overview_original_deidentified.png,Surgery,overview,256,256,0.977630615234375,1.0569478141679634,0.6680193538317465,0.9489620727329484,98.38301857343531,297.71499921960356
S6G_PARK7_IHC_Surgery_overview_original_deidentified.png,Surgery,overview,512,256,0.9401092529296875,0.9398862716945762,1.4072162438525588,1.9087500608657544,96.68403369528168,295.2768174514291
S6G_PARK7_IHC_Surgery_overview_original_deidentified.png,Surgery,overview,768,256,0.73150634765625,0.734238382738626,6.585314977054652,15.022945348352106,78.39173967459324,271.8064246975386
S6G_PARK7_IHC_Surgery_overview_original_deidentified.png,Surgery,overview,0,512,0.2243499755859375,0.9303782296561038,9.929946269468816,8.501666326600013,81.56838740393117,271.6384411344623
S6G_PARK7_IHC_Surgery_overview_original_deidentified.png,Surgery,overview,256,512,0.8332366943359375,1.2061689912015088,2.4648854542457928,1.46501364293955,96.07010090281466,293.60521544856886
S6G_PARK7_IHC_Surgery_overview_original_deidentified.png,Surgery,overview,512,512,0.506134033203125,1.0553556398382846,6.035574314139282,3.7744950256255656,90.18993066023515,284.1543563460958
S6G_PARK7_IHC_Surgery_overview_original_deidentified.png,Surgery,overview,768,512,0.4008941650390625,0.7094434041046674,11.00749819206029,19.32021466905188,69.67228713888784,258.66478894682757
S6H_PARK7_IHC_Surgery_matched_field_original_deidentified.png,Surgery,matched_field,0,0,0.5569610595703125,0.7739441025060722,2.2382948412372263,28.88414016054355,68.87756499821923,266.63927015698204
S6H_PARK7_IHC_Surgery_matched_field_original_deidentified.png,Surgery,matched_field,256,0,0.721527099609375,1.3456093551126846,4.804804804804805,6.716575730660238,88.47861946453496,283.67381465973017
S6H_PARK7_IHC_Surgery_matched_field_original_deidentified.png,Surgery,matched_field,512,0,0.7716064453125,1.0221845713111328,5.187074829931973,15.422797025787057,79.39012814428096,274.20305331434895
S6H_PARK7_IHC_Surgery_matched_field_original_deidentified.png,Surgery,matched_field,768,0,0.5923614501953125,1.0883613611124074,11.975477190180573,12.320651193941423,75.703871615878,263.7283944256974
S6H_PARK7_IHC_Surgery_matched_field_original_deidentified.png,Surgery,matched_field,0,256,0.680816650390625,1.1830318367461696,1.476982383791295,12.015330135819625,86.50768748038908,285.0307050965978
S6H_PARK7_IHC_Surgery_matched_field_original_deidentified.png,Surgery,matched_field,256,256,0.9553680419921875,1.4075589061393834,3.116065867020172,4.971969781667758,91.91196435131206,288.7958984842919
S6H_PARK7_IHC_Surgery_matched_field_original_deidentified.png,Surgery,matched_field,512,256,0.9870147705078125,1.201884455167,0.7575171987323182,2.5121743835510553,96.73030841771663,295.9727912189843
S6H_PARK7_IHC_Surgery_matched_field_original_deidentified.png,Surgery,matched_field,768,256,0.9793548583984375,1.3269265916326844,0.9815683280619479,1.967810791019429,97.05062088091863,296.0690525528567
S6H_PARK7_IHC_Surgery_matched_field_original_deidentified.png,Surgery,matched_field,0,512,0.679840087890625,0.7948572628255512,3.07492032140773,25.535305472011494,71.38977420658078,268.3148538851731
S6H_PARK7_IHC_Surgery_matched_field_original_deidentified.png,Surgery,matched_field,256,512,0.9687957763671875,1.1586665606712345,2.156211116536202,10.790505740971161,87.05328314249263,284.8970720259564
S6H_PARK7_IHC_Surgery_matched_field_original_deidentified.png,Surgery,matched_field,512,512,0.985565185546875,1.3195910077487818,1.9012230995510142,5.562780616194457,92.53599628425452,290.63477318470353
S6H_PARK7_IHC_Surgery_matched_field_original_deidentified.png,Surgery,matched_field,768,512,0.95330810546875,1.2483728259749474,0.5538126640630002,2.881106344836417,96.56508099110059,296.0112683270376
