dataset,sample,cell_group,n_cells,PARK7_cutoff_log2CPM,UPR_ER_stress_score_high_mean,UPR_ER_stress_score_low_mean,UPR_ER_stress_score_delta_high_minus_low,UPR_ER_stress_score_mannwhitney_p,NRF2_redox_score_high_mean,NRF2_redox_score_low_mean,NRF2_redox_score_delta_high_minus_low,NRF2_redox_score_mannwhitney_p,Ribosome_translation_score_high_mean,Ribosome_translation_score_low_mean,Ribosome_translation_score_delta_high_minus_low,Ribosome_translation_score_mannwhitney_p,Apoptosis_DDR_score_high_mean,Apoptosis_DDR_score_low_mean,Apoptosis_DDR_score_delta_high_minus_low,Apoptosis_DDR_score_mannwhitney_p,UPR_ER_stress_score_mannwhitney_fdr,NRF2_redox_score_mannwhitney_fdr,Ribosome_translation_score_mannwhitney_fdr,Apoptosis_DDR_score_mannwhitney_fdr
GSE148071,GSM4453576_P1,Plasma cells,270,7.907791292034854,6.158383264279339,6.4535951445371795,-0.29521188025784095,0.3762220492988094,4.103009306008817,2.418455103528251,1.6845542024805655,3.050126429879264e-07,8.618347315008677,8.123102684752626,0.49524463025605137,0.11423302083989476,1.8962005846922174,1.790438178984076,0.10576240570814144,0.4283403656579504,0.7849039587552451,2.440101143903411e-06,0.44245371752819623,0.7665159102387132
GSE148071,GSM4453576_P1,B-lineage combined,279,7.907791292034854,5.8986145753739345,6.418776073314744,-0.5201614979408093,0.104182897087784,4.197359726232227,2.436906818350417,1.76045290788181,2.005575296882359e-08,8.686602894157259,8.138278493374614,0.5483244007826453,0.06417022493174526,1.814999684009875,1.7861372300333822,0.028862453976492786,0.6133218934764157,0.7157298723023127,2.750503264295807e-07,0.37443276253996777,0.8568229119281334
GSE148071,GSM4453578_P3,Plasma cells,34,7.965091854698246,5.980528121559782,4.990368925200866,0.990159196358916,0.39288281294922656,5.276711608274465,2.928304278615095,2.3484073296593704,0.009937688779228234,8.611450273541605,7.7476032193612046,0.8638470541804004,0.603336495888678,1.1792163849438553,1.66574524573868,-0.4865288607948248,0.5820343475221885,0.7849039587552451,0.019860090771813124,0.9817000611070015,0.8465954145777288
GSE148071,GSM4453578_P3,B-lineage combined,38,7.965091854698246,5.980528121559782,4.8609759605108,1.1195521610489827,0.2900335098477513,5.276711608274465,2.8457546774592175,2.4309569308152477,0.006505587910913941,8.611450273541605,7.660689658695431,0.9507606148461738,0.5011774268740213,1.1792163849438553,1.4638367311036886,-0.28462034615983334,0.8210040852383539,0.7849039587552451,0.014194009987448599,0.9252506342289625,0.920922516601081
GSE148071,GSM4453579_P4,B cells,15,8.550100357147151,3.4044306482425672,3.733017840837253,-0.3285871925946857,1.0,3.7950051241055,2.353407986476917,1.441597137628583,0.4761904761904762,4.327245805555496,6.32989554954138,-2.0026497439858844,0.8,0.0,0.7913288580313912,-0.7913288580313912,0.23114144867966557,1.0,0.5136436597110755,1.0,0.6163771964791082
GSE148071,GSM4453579_P4,Plasma cells,467,8.550100357147151,5.010127560531958,5.225099633213964,-0.2149720726820057,0.5392105255181721,2.0702535275265506,1.221037695505571,0.8492158320209795,9.411954922725305e-06,5.923382143298776,5.996284914611393,-0.07290277131261735,0.9434198679364718,0.6675492138861964,0.812594500807066,-0.1450452869208696,0.6525330260962157,0.80334599478127,4.517738362908146e-05,1.0,0.865765135486542
GSE148071,GSM4453579_P4,B-lineage combined,482,8.550100357147151,4.92333313284064,5.181510726919813,-0.2581775940791724,0.4799865522324349,2.163483343557845,1.25411817591597,0.909365167641875,5.468182721599231e-06,5.83710450342076,6.00603084327227,-0.1689263398515095,0.8125953042796522,0.6314654725950506,0.8119732573102485,-0.1805077847151979,0.4802686728547477,0.7970665321707213,2.9163641181862563e-05,1.0,0.7697992980225805
GSE148071,GSM4453580_P5,B cells,239,7.796285579874241,3.934162499557316,3.8608600981301624,0.07330240142715372,0.8163055984554258,3.859684374792842,2.483717032997896,1.3759673417949463,2.5614898371242423e-08,9.271479694133838,8.041899031959506,1.2295806621743317,0.00020117524609724441,1.31087049169779,1.0714412985657498,0.23942919313204025,0.21008504271013706,0.9329206839490581,3.073787804549091e-07,0.0027589748036193516,0.5931812970639164
GSE148071,GSM4453580_P5,Plasma cells,716,7.796285579874241,5.477542724774341,5.318674441219549,0.1588682835547921,0.30625941018602243,4.690302274984867,3.590239164870193,1.1000631101146738,4.675255539154969e-11,9.835291675738011,9.319240694080888,0.5160509816571235,0.009016677120187997,2.1153305570542065,1.819983436118657,0.2953471209355494,0.014761781527040264,0.7849039587552451,7.480408862647951e-10,0.07869100032164071,0.26182665866694266
GSE148071,GSM4453580_P5,B-lineage combined,955,7.796285579874241,5.028806624050449,4.972243285512868,0.056563338537580776,0.6097592391301776,4.448801035281459,3.327288163752188,1.121512871529271,9.071809806872837e-15,9.671363963024904,9.015696590307536,0.6556673727173674,8.370535514542275e-05,1.8814346790210632,1.6421018567276502,0.23933282229341302,0.016364166166683916,0.80334599478127,1.7417874829195848e-13,0.0016071428187921168,0.26182665866694266
GSE148071,GSM4453581_P6,B cells,97,8.76059724650536,3.757549557844431,3.0937126664723804,0.6638368913720507,0.2133232082238249,3.7001240973174343,2.6421439474308626,1.0579801498865717,0.05559127092885569,5.355217324689094,6.2067282564792,-0.8515109317901057,0.17600919275967708,1.0705811705158765,1.443824596308392,-0.37324342579251546,0.4930184226137926,0.7849039587552451,0.08245795312193407,0.4779080020444919,0.7697992980225805
GSE148071,GSM4453581_P6,Plasma cells,89,8.76059724650536,5.060383844403412,4.3207285187175515,0.7396553256858605,0.2825319732689223,3.6914927103890336,1.9900079480663648,1.7014847623226688,0.06340945178750504,6.877706529193107,7.217463135699197,-0.3397566065060902,0.775521336528825,1.2085195440594236,0.9746082399604645,0.2339113040989591,0.6658890280815557,0.7849039587552451,0.09085533390448483,1.0,0.865765135486542
GSE148071,GSM4453581_P6,B-lineage combined,186,8.76059724650536,4.140736112714719,3.7035903681800395,0.43714574453467936,0.3005980284043277,3.6975854541031987,2.318005344196438,1.3795801099067608,0.0029100527515976485,5.8030082671902745,6.709105356209848,-0.9060970890195739,0.085378352706541,1.1111512803816257,1.2106046322064634,-0.09945335182483772,0.9960352240738426,0.7849039587552451,0.006984126603834356,0.4313853610435756,0.9960352240738426
GSE148071,GSM4453582_P7,B cells,156,8.2372195349631,3.1538746589926165,3.1536910482102933,0.00018361078232320693,0.9756219308894603,2.230355367713816,1.2969357405371964,0.9334196271766197,0.0019917330095338068,10.013621957344741,9.84663096300419,0.16699099434055142,0.8645559541897094,0.7468264385052283,0.9724163275714316,-0.22558988906620325,0.2089859323332265,0.9858916354251387,0.005167739700412039,1.0,0.5931812970639164
GSE148071,GSM4453582_P7,Plasma cells,879,8.2372195349631,5.1409553552074705,5.573105282871893,-0.4321499276644225,0.0795944629968154,2.522986763241307,1.092271619895539,1.430715143345768,1.2006700891740439e-20,8.311946498381882,7.340230211114781,0.9717162872671015,0.00013177804907655216,1.0203340653475443,0.9284826756982812,0.0918513896492631,0.35029280609985647,0.7157298723023127,3.8421442853569405e-19,0.0021084487852248346,0.7261521618059471
GSE148071,GSM4453582_P7,B-lineage combined,1035,8.2372195349631,4.708125896626016,5.225994461196675,-0.5178685645706587,0.025897839526408173,2.45924527114621,1.1216345665400596,1.3376107046061505,1.8501490950690235e-23,8.682608479542107,7.699820897146023,0.9827875823960843,1.4067323340824e-05,0.960758146629416,0.9347857906351145,0.025972355994301588,0.7749523087739282,0.6215481486337961,1.7761431312662626e-21,0.000450154346906368,0.920922516601081
GSE148071,GSM4453583_P8,B cells,130,8.16184109603293,3.4548501191252026,2.8652730462617853,0.5895770728634173,0.1980427515719101,3.113039804623989,1.6078917480783685,1.5051480565456203,1.740656245932308e-05,9.44710678107048,10.124476804390538,-0.6773700233200586,0.4564388166277825,0.7989433957854416,0.5638542353977568,0.2350891603876848,0.6413175910064259,0.7849039587552451,7.59559089134098e-05,0.8763625279253424,0.865765135486542
GSE148071,GSM4453583_P8,Plasma cells,212,8.16184109603293,5.50824626704162,5.627271891077043,-0.11902562403542305,0.7279714898601057,3.0717171824273892,2.1741156781995943,0.8976015042277949,0.002621554248407111,9.552021667032422,9.162960703955093,0.38906096307732874,0.5246806736628449,1.2118376080772417,0.931935645682893,0.2799019623943487,0.12142864878458784,0.8836542102951311,0.006453056611463658,0.9327656420672797,0.5931812970639164
GSE148071,GSM4453583_P8,B-lineage combined,342,8.16184109603293,4.772123119675357,4.566434964521701,0.20568815515365646,0.613643360977756,3.0865309526488116,1.9566386669765627,1.1298922856722489,9.974225041430637e-07,9.51441067017814,9.532262735610228,-0.017852065432087727,0.9157470132924675,1.0638189281990493,0.7905618168190518,0.27325711137999753,0.12439999878264432,0.80334599478127,6.8394685998381506e-06,1.0,0.5931812970639164
GSE148071,GSM4453584_P9,Plasma cells,202,8.226018987095816,6.3260076859734555,5.846402450996967,0.4796052349764883,0.20805198392113688,3.445151055481465,1.7191052183955475,1.7260458370859173,1.4462112854155305e-07,8.346560239358228,7.655158995961263,0.6914012433969647,0.022959579471045724,1.2705598021467241,1.0716906796568348,0.1988691224898893,0.37281391066576275,0.7849039587552451,1.2621480309080995e-06,0.16954766378618383,0.7261521618059471
GSE148071,GSM4453584_P9,B-lineage combined,203,8.226018987095816,6.244978964904309,5.846402450996967,0.39857651390734183,0.3055540079630493,3.504936722007239,1.7191052183955475,1.7858315036116916,5.6961639992242285e-08,8.346726355381742,7.655158995961263,0.6915673594204792,0.020715647361588284,1.2786716821072757,1.0716906796568348,0.20698100245044082,0.3078973860554213,0.7849039587552451,5.46831743925526e-07,0.16572517889270627,0.7261521618059471
GSE148071,GSM4453585_P10,Plasma cells,118,7.609737899320654,6.653314259855985,6.824135837068573,-0.17082157721258806,0.6030437382416438,3.9518871620436817,3.1198736829264218,0.83201347911726,0.0832124291960031,9.124128711806113,8.603718055465928,0.5204106563401858,0.2803616157831538,1.5748469304303585,2.166085837563787,-0.5912389071334285,0.12517191981016199,0.80334599478127,0.11094990559467079,0.7082819767153359,0.5931812970639164
GSE148071,GSM4453585_P10,B-lineage combined,123,7.609737899320654,6.562599500512684,6.787253456787608,-0.22465395627492413,0.4815610298531441,4.065982654607626,3.1221715872402287,0.9438110673673972,0.03529005431865814,9.18696132857757,8.643437430790332,0.5435238977872388,0.22389580114431484,1.5912567745315371,2.1369893160069235,-0.5457325414753864,0.10989654449605797,0.7970665321707213,0.05841112438950314,0.5809188354014655,0.5931812970639164
GSE148071,GSM4453586_P11,B cells,124,7.993383286427973,4.489896915496558,4.255775289273589,0.23412162622296862,0.6276140584228672,4.2841895937571595,3.201985001077324,1.0822045926798354,0.00024062820076354937,10.211750719521056,9.751510791181875,0.46023992833918115,0.4895388137022426,3.5579504434394567,3.390763116066557,0.16718732737289965,0.6882877222073391,0.80334599478127,0.000796562319768991,0.9214848257924567,0.8810082844253941
GSE148071,GSM4453586_P11,Plasma cells,92,7.993383286427973,5.584651640909746,5.704428686154025,-0.11977704524427946,0.8094492522170585,4.311374657583474,3.1405897932248528,1.170784864358621,0.010343797276986004,10.071492431900538,9.489367450028393,0.5821249818721448,0.33231197447213356,3.682287948756487,2.807073271149844,0.875214677606643,0.10762706034222715,0.9329206839490581,0.019860090771813124,0.7780963304713372,0.5931812970639164
GSE148071,GSM4453586_P11,B-lineage combined,216,7.993383286427973,4.841782362950797,4.925777485330789,-0.08399512237999218,0.6271904291315651,4.292927649987045,3.1735897174455565,1.1193379325414887,6.624215148951584e-06,10.166667698500175,9.630269495898391,0.5363982026017844,0.1785423029169425,3.5979160701485022,3.120806562792578,0.4771095073559244,0.12629642152757634,0.80334599478127,3.346971864733432e-05,0.4779080020444919,0.5931812970639164
GSE148071,GSM4453587_P12,B cells,145,8.09568094140363,2.9704621278743253,3.115161734022573,-0.14469960614824773,0.32064286678264786,2.6999148227968126,1.658300645180129,1.0416141776166836,0.00042705709010699657,9.22437251632275,9.396261139263453,-0.17188862294070262,0.3409239602237041,0.8851668133450133,0.6755271305350501,0.20963968280996326,0.41369078967768935,0.7849039587552451,0.0012811712703209898,0.7792547662256093,0.7637368424818881
GSE148071,GSM4453587_P12,Plasma cells,276,8.09568094140363,5.5350317773331374,5.477014239238393,0.0580175380947443,0.887738724188084,3.609845289495036,2.6054492452559446,1.0043960442390913,0.0005565008463553396,9.795600732019558,9.247693630502857,0.5479071015167012,0.5850241352535477,1.1930742825834657,1.0507404241782634,0.1423338584052023,0.3782256699208304,0.9699063929463468,0.0016189115530337152,0.9683158100748376,0.7261521618059471
GSE148071,GSM4453587_P12,B-lineage combined,421,8.09568094140363,4.46974899986563,4.694153015599443,-0.2244040157338123,0.28823557054035065,3.231874172558851,2.2915067317476687,0.9403674408111824,1.5113470268604358e-05,9.5583213193455,9.296937917114514,0.26138340223098666,0.8648831918910982,1.065174256899801,0.9263719729145018,0.13880228398529926,0.27672563378887716,0.7849039587552451,6.909014979933421e-05,1.0,0.6811707908649284
GSE148071,GSM4453588_P13,B cells,207,8.027340822266485,3.4422389989380826,2.902912107003707,0.5393268919343757,0.10437727304408727,2.835962184231773,1.612834455035426,1.2231277291963467,1.7249434650611477e-06,9.830615614740994,10.144412866062273,-0.31379725132127945,0.08989840508274348,1.2185902945811427,1.0100381729137977,0.20855212166734494,0.6247667066142639,0.7157298723023127,1.1039638176391346e-05,0.4315123443971687,0.8568229119281334
GSE148071,GSM4453588_P13,Plasma cells,173,8.027340822266485,6.4124727930198135,6.309039503674245,0.10343328934556872,0.5503115383300792,2.981406007664488,2.2394394388990295,0.7419665687654584,0.04547854845182579,8.816559303156746,8.596935133096048,0.21962417006069757,0.4253547204256559,1.4030172718031853,1.666900138583048,-0.2638828667798627,0.4971620466395833,0.80334599478127,0.06930064525992502,0.8470588235294119,0.7697992980225805
GSE148071,GSM4453588_P13,B-lineage combined,380,8.027340822266485,4.448285929191572,4.530998158242455,-0.08271222905088305,0.7390812114681697,2.8852254147493044,1.912343755498532,0.9728816592507723,4.642966861906577e-06,9.487144928559234,9.404737974833134,0.08240695372609963,0.8215053260295941,1.2810574965434474,1.324009930089037,-0.04295243354558953,0.6998611580807999,0.8836542102951311,2.62191069848842e-05,1.0,0.8840351470494314
GSE148071,GSM4453589_P14,B cells,13,8.608839174179561,4.133043748431803,4.382052406117851,-0.24900865768604774,0.9230769230769231,2.106075691217139,3.357527345868462,-1.2514516546513232,0.6153846153846154,6.412897287775623,5.973035678437227,0.43986160933839624,0.7692307692307693,0.0,1.414243272609366,-1.414243272609366,0.33593786131799563,0.9699063929463468,0.6421404682274248,1.0,0.7261521618059471
GSE148071,GSM4453589_P14,Plasma cells,216,8.608839174179561,6.235389046129782,6.2817781214409925,-0.04638907531121017,0.8842834337765321,4.422449902929369,2.691785086082461,1.7306648168469079,0.00017038586915074094,6.577556193447638,5.805695593692393,0.7718605997552448,0.13784672657719516,2.2523276048330767,1.8652509078626573,0.38707669697041935,0.17614318394759143,0.9699063929463468,0.0005841801228025403,0.47261734826466906,0.5931812970639164
GSE148071,GSM4453589_P14,B-lineage combined,229,8.608839174179561,6.157524405474301,6.168923128451498,-0.011398722977197018,0.9395968181667735,4.336658265458546,2.731334131218263,1.6053241342402829,0.0003396808179765227,6.571457715459786,5.815636588825749,0.7558211266340376,0.13642253642622698,2.1689080639133334,1.8384583750753334,0.33044968883799997,0.22482383870745482,0.9699063929463468,0.0010519147911531024,0.47261734826466906,0.6163771964791082
GSE148071,GSM4453590_P15,B cells,50,10.299718417520815,3.0048895228602013,3.068882237706394,-0.06399271484619273,0.871378102039382,2.147687816046275,1.3615325691791325,0.7861552468671424,0.12589978601522292,3.1835717192522694,3.5116918728767863,-0.32812015362451685,0.8969409753093467,1.050560170770462,0.7303624531530725,0.32019771761738947,0.7921579639593834,0.9699063929463468,0.15495358278796667,1.0,0.920922516601081
GSE148071,GSM4453590_P15,Plasma cells,111,10.299718417520815,3.2359563989638724,4.883669531997301,-1.6477131330334283,0.313114416426852,2.206790558110841,1.146430623420695,1.060359934690146,0.201086154664596,6.990423949618348,4.385242025683894,2.6051819239344542,0.1658530255471764,0.7881573395626625,1.1685989961672494,-0.38044165660458684,0.7556083566901455,0.7849039587552451,0.23541793716830753,0.4779080020444919,0.920922516601081
GSE148071,GSM4453590_P15,B-lineage combined,161,10.299718417520815,3.0709086303183932,4.353374543405802,-1.2824659130874085,0.13455778584511702,2.1645743137790077,1.209285088090368,0.9552892256886396,0.019080182736778823,4.271243785071149,4.129983864149348,0.14125992092180084,0.6845474501915548,0.9755879332825191,1.0405428634683016,-0.06495493018578247,0.8983521173567499,0.7849039587552451,0.03456033099492013,1.0,0.9412708557177778
GSE148071,GSM4453591_P16,B cells,17,8.640567326176958,3.0074451838833074,3.7518617928098563,-0.7444166089265489,0.5911764705882353,1.7880975777664077,2.8140206337178326,-1.025923055951425,0.12058823529411763,5.344575968065001,5.490341065028395,-0.14576509696339368,0.7676470588235295,0.5443757182043544,0.613595168070159,-0.06921944986580464,0.8249930877884685,0.80334599478127,0.15034377387318562,1.0,0.920922516601081
GSE148071,GSM4453591_P16,Plasma cells,50,8.640567326176958,5.794136144005443,5.2603552679489205,0.5337808760565226,0.34953868672185046,4.292747965223476,2.4458564343764384,1.8468915308470373,0.007821319365164425,7.626084856425237,7.2728855735243965,0.35319928290084057,1.0,2.3017073564840245,1.4552579727826933,0.8464493837013312,0.045622947681504974,0.7849039587552451,0.01632275345773445,1.0,0.4866447752693864
GSE148071,GSM4453591_P16,B-lineage combined,67,8.640567326176958,4.958128855968803,4.889848098616518,0.06828075735228456,0.6160414893647346,3.5413528489863553,2.5362827289515177,1.0050701200348375,0.1110990439371942,6.941632189917167,6.835067624069237,0.10656456584792995,0.881111168548594,1.7745078650001234,1.2485337751340009,0.5259740898661225,0.15330185171496097,0.80334599478127,0.14142486854368197,1.0,0.5931812970639164
GSE148071,GSM4453592_P17,Plasma cells,43,8.511838807172829,3.9561342832329913,5.507502538178187,-1.5513682549451957,0.05736828016435146,3.354808518572536,3.476844725211647,-0.12203620663911119,1.0,6.564954706866814,7.43561687509163,-0.8706621682248157,0.3915004148756426,1.4878783682040226,2.2533813236152773,-0.7655029554112547,0.37289426224179856,0.6454897834433462,1.0,0.8170443440882975,0.7261521618059471
GSE148071,GSM4453592_P17,B-lineage combined,44,8.511838807172829,3.8842705034840095,5.507502538178187,-1.6232320346941775,0.025299675775837818,3.228300990886008,3.476844725211647,-0.24854373432563914,0.8431885700900554,5.744335368508462,7.43561687509163,-1.6912815065831674,0.17921550076668447,1.3018935721785199,2.2533813236152773,-0.9514877514367575,0.1940342141071838,0.6215481486337961,0.8611287524323971,0.4779080020444919,0.5931812970639164
GSE148071,GSM4453593_P18,B cells,25,8.490054426159041,4.451020350274692,3.5885220627035617,0.86249828757113,0.14883654687670958,4.652025004072659,3.0927803510945324,1.5592446529781263,0.025335586736179114,4.64582844930656,4.841856936255902,-0.19602848694934227,0.9323243733483333,1.2330749379207493,1.0164116107007568,0.21666332721999249,0.7835334477953143,0.7849039587552451,0.04422211503042173,1.0,0.920922516601081
GSE148071,GSM4453593_P18,Plasma cells,57,8.490054426159041,6.33493741696301,5.829068274103161,0.505869142859849,0.9237860230908893,3.0162868541915726,2.377312902345174,0.6389739518463986,0.2865458153179997,8.375083439034436,6.505990897714341,1.8690925413200947,0.11983121516388646,1.2898677017921834,1.2220940998158727,0.06777360197631066,0.8704618002358994,0.9699063929463468,0.32748093179199966,0.44245371752819623,0.9373661939362422
GSE148071,GSM4453593_P18,B-lineage combined,82,8.490054426159041,5.123847874091948,5.301880930244431,-0.17803305615248366,0.4940050170355199,4.067832807686556,2.545658184403846,1.52217462328271,0.007480449797727622,5.977705231352229,6.1144299656064725,-0.13672473425424325,0.9459614819815232,1.2533580678748328,1.1736982200240806,0.0796598478507522,0.8602119413168954,0.7999999999999998,0.015958292901818927,1.0,0.9373661939362422
GSE148071,GSM4453594_P19,B cells,35,9.76580856953812,2.001218839283114,2.719102709535001,-0.717883870251887,0.40906722788228844,3.2919694192756572,2.7836369080044716,0.5083325112711856,0.4939652357537817,7.047863798057151,6.899263503166853,0.14860029489029714,1.0,0.6885188778591136,0.9142417841982851,-0.22572290633917147,0.7697057146530955,0.7854090775339938,0.5268962514707005,1.0,0.920922516601081
GSE148071,GSM4453594_P19,B-lineage combined,42,9.76580856953812,2.001218839283114,3.2044080719501196,-1.2031892326670057,0.24375636879775353,3.2919694192756572,2.55420590603842,0.7377635132372373,0.2941393937884943,7.047863798057151,6.642533005764764,0.40533079229238655,0.821312192300639,0.6885188778591136,1.0273800720315103,-0.3388611941723967,0.6204795304692331,0.7849039587552451,0.3322044918081818,1.0,0.8568229119281334
GSE148071,GSM4453595_P20,Plasma cells,17,7.286204379056805,5.79502948660227,5.456567743371205,0.3384617432310648,0.7676470588235295,5.1318229134811775,2.398646079842017,2.7331768336391606,0.0643660284017885,9.42271312860129,8.37753412208622,1.0451790065150703,0.4323529411764706,2.3220890324640338,1.490253187583128,0.8318358448809058,0.1831703277765645,0.8987087517934004,0.0908696871554661,0.8470588235294119,0.5931812970639164
GSE148071,GSM4453595_P20,B-lineage combined,20,7.286204379056805,5.79502948660227,5.092650447606672,0.7023790389955984,0.9210526315789475,5.1318229134811775,2.424030158558769,2.7077927549224086,0.04271689123434012,9.42271312860129,8.369393764529221,1.0533193640720686,0.30526315789473685,2.3220890324640338,1.4997422109184344,0.8223468215455993,0.19800182604999372,0.9699063929463468,0.06614228320155889,0.751417004048583,0.5931812970639164
GSE148071,GSM4453596_P21,B cells,23,7.791315131925456,5.566076172849359,5.148867284760738,0.4172088880886209,0.587357722369164,3.6171458192016033,1.9668670108227697,1.6502788083788336,0.040193244255893844,8.97084072391261,8.874696414263623,0.09614430964898801,0.8006181461559035,0.8169498621372215,1.4044489195634737,-0.5874990574262522,0.20905050009809978,0.80334599478127,0.06430919080943015,1.0,0.5931812970639164
GSE148071,GSM4453596_P21,Plasma cells,869,7.791315131925456,7.5601881036196295,7.14665964803382,0.4135284555858094,0.00011868059433870945,4.326390199407244,3.0855655078271194,1.2408246915801242,1.8240392381530317e-20,9.34363236006493,8.763833770992127,0.5797985890728032,1.3019421363028693e-06,1.4593638938765807,1.4101297632269172,0.04923413064966353,0.43802320558292995,0.005696668528258054,4.377694171567277e-19,9.67818966839638e-05,0.7665159102387132
GSE148071,GSM4453596_P21,B-lineage combined,892,7.791315131925456,7.519325154218599,7.091165415720678,0.42815973849792144,7.793540756823452e-05,4.311856503091553,3.054490549576998,1.257365953514555,2.3428846420012017e-21,9.335993187192955,8.766913288860778,0.569079898332177,2.0162895142492457e-06,1.4461996719147086,1.4099719620140434,0.03622770990066515,0.5353509308643606,0.005696668528258054,1.124584628160577e-19,9.67818966839638e-05,0.7906721440458249
GSE148071,GSM4453597_P22,B cells,23,9.82072524263012,3.4955081290827756,4.253597375589296,-0.7580892465065201,0.5138339920948616,2.6689064528113673,1.0300753115964496,1.6388311412149177,0.06645580307153243,8.982104200234362,7.437475818314565,1.5446283819197975,0.634669678147939,1.7935076002417192,1.1732065465709414,0.6203010536707778,0.2631786937076366,0.7999999999999998,0.09246024775169728,1.0,0.6648724893666609
GSE148071,GSM4453597_P22,B-lineage combined,29,9.82072524263012,4.152545474596218,4.637042208409173,-0.48449673381295444,0.7374847374847374,2.54727568642131,1.0393043992790678,1.5079712871422422,0.03455445459161107,7.907364905558771,7.788997998475736,0.11836690708303532,0.8787840511978442,1.7543275852908777,1.2814339431760795,0.47289364211479823,0.3518943460210272,0.8836542102951311,0.05819697615429233,1.0,0.7261521618059471
GSE148071,GSM4453598_P23,Plasma cells,284,7.976343980693615,6.9075954458136835,7.170661729901711,-0.2630662840880271,0.5583719743419405,4.217664463392056,3.335690777830012,0.8819736855620444,0.013491558966103698,9.050544111403893,8.789676575918204,0.26086753548568886,0.674328029855461,2.088901761037503,2.11547788068191,-0.02657611964440676,0.9340910672519667,0.80334599478127,0.02539587570090108,1.0,0.9439236048019873
GSE148071,GSM4453598_P23,B-lineage combined,288,7.976343980693615,6.825381348971964,7.145385549538843,-0.3200042005668786,0.4477933288019287,4.213450947706002,3.312423517432629,0.9010274302733725,0.010251040013995162,9.09800453758632,8.799012794711043,0.29899174287527686,0.5594914697994989,2.0680989653285033,2.1109378083485417,-0.042838843020038375,0.8173296896564136,0.7970665321707213,0.019860090771813124,0.9591282339419981,0.920922516601081
GSE148071,GSM4453599_P24,B cells,14,7.7715522999202085,4.078152133944446,1.9338326429338257,2.14431949101062,0.2128247439705464,4.562254279708575,1.0966012543489208,3.465653025359654,0.11196135426374823,10.507651210102312,8.78389201445188,1.7237591956504321,0.5714285714285714,1.5859480520895068,0.48447376845889756,1.1014742836306093,0.3857683359594094,0.7849039587552451,0.14142486854368197,0.9624060150375939,0.7261521618059471
GSE148071,GSM4453599_P24,Plasma cells,128,7.7715522999202085,5.8256011659448905,4.819157209669364,1.0064439562755263,0.18917891981377244,3.2596810195528554,1.41352033618473,1.8461606833681254,2.5297128992069738e-06,8.302421151981692,7.365333099548769,0.937088052432923,0.09647909528875237,1.3154821257563851,0.8516895884548422,0.4637925373015429,0.08412087084050224,0.7849039587552451,1.5178277395241843e-05,0.4410472927485823,0.5931812970639164
GSE148071,GSM4453599_P24,B-lineage combined,142,7.7715522999202085,5.733630164260656,4.514204206681057,1.2194259575795998,0.09558342090244201,3.3282375069294723,1.380024823470376,1.9482126834590963,6.111400797052806e-07,8.418485891882778,7.515262090554788,0.9032238013279894,0.10828812832759975,1.32971717451076,0.8128781603251896,0.5168390141855705,0.044641202957943514,0.7157298723023127,4.5130344347466875e-06,0.44245371752819623,0.4866447752693864
GSE148071,GSM4453603_P28,B cells,40,8.016796790734402,3.321067466498419,3.3127092946387666,0.008358171859652597,0.9590277265177982,2.4873847864742693,2.387882273221119,0.0995025132531504,0.8371855018482021,6.723740094668415,6.422197271635124,0.30154282303329083,0.9615384615384618,0.5440913144327825,0.8225411984462373,-0.27844988401345483,0.9104543166404939,0.9794325717628578,0.8611287524323971,1.0,0.9412708557177778
GSE148071,GSM4453603_P28,Plasma cells,192,8.016796790734402,6.086836398873491,5.781858849382779,0.30497754949071165,0.5726781563931335,3.3988042624077317,2.071045253380397,1.3277590090273348,0.0002586715581768312,8.062198536397151,8.080378621605787,-0.018180085208635788,0.8284587926965226,1.7264484321910087,1.1933241381357889,0.5331242940552199,0.15559708351626764,0.80334599478127,0.0008277489861658598,1.0,0.5931812970639164
GSE148071,GSM4453603_P28,B-lineage combined,232,8.016796790734402,5.810259505635983,5.32958888143462,0.4806706242013634,0.3747038275753264,3.3076623148143853,2.1290797570145887,1.1785825577997966,0.0006252132306736254,7.928352692224277,7.776652334729971,0.1517003574943061,0.7210030398143756,1.608212720415186,1.1254084511629503,0.48280426925223563,0.17991091506360235,0.7849039587552451,0.0017653079454314129,1.0,0.5931812970639164
GSE148071,GSM4453604_P29,B cells,124,8.805200383851442,5.2758908287865784,5.991516027362994,-0.7156251985764159,0.04588030297123755,4.985483926568154,4.231699580934528,0.7537843456336262,0.004568409103367023,10.370604484076475,10.22587153582405,0.14473294825242533,0.7427118166562368,1.4660001001808443,1.1406457708544415,0.32535432932640274,0.19309604972167171,0.6292155836055435,0.010199238928447306,1.0,0.5931812970639164
GSE148071,GSM4453604_P29,B-lineage combined,124,8.805200383851442,5.2758908287865784,5.991516027362994,-0.7156251985764159,0.04588030297123755,4.985483926568154,4.231699580934528,0.7537843456336262,0.004568409103367023,10.370604484076475,10.22587153582405,0.14473294825242533,0.7427118166562368,1.4660001001808443,1.1406457708544415,0.32535432932640274,0.19309604972167171,0.6292155836055435,0.010199238928447306,1.0,0.5931812970639164
GSE148071,GSM4453605_P30,Plasma cells,34,7.288652682428179,6.967128283995581,7.031665288125342,-0.06453700412976104,0.9282127187650455,5.983579532101412,5.348262938467522,0.6353165936338891,0.20078045116799403,10.874584788911568,10.888241673952775,-0.013656885041207545,0.9856238960972357,2.868796995967397,3.173801142205814,-0.30500414623841676,0.330510163550803,0.9699063929463468,0.23541793716830753,1.0,0.7261521618059471
GSE148071,GSM4453605_P30,B-lineage combined,41,7.288652682428179,7.072392670303992,6.741700775088893,0.33069189521509834,0.5072462396300886,5.812560670603627,5.125566230350785,0.6869944402528425,0.14759943264843695,10.682150794594543,10.915082946783608,-0.23293215218906482,0.7148135321309732,2.748911619299306,3.016192590537776,-0.26728097123847006,0.3574137003975427,0.7999999999999998,0.17936133587658162,1.0,0.7261521618059471
GSE148071,GSM4453607_P32,B cells,87,9.455629206236624,3.065832915584045,3.09004544315006,-0.02421252756601522,0.930999741823018,4.012226445658655,1.4475283739334441,2.5646980717252106,6.921476464788961e-05,6.019202895759263,7.296101352793712,-1.2768984570344486,0.36904073855957087,0.9875056724371405,0.6991130092076059,0.2883926632295346,0.32178535104686634,0.9699063929463468,0.00027685905859155843,0.7872869089270845,0.7261521618059471
GSE148071,GSM4453607_P32,Plasma cells,44,9.455629206236624,3.2859326782774234,4.919348961066595,-1.6334162827891712,0.15239666742786423,2.762985288212238,2.1586959652869204,0.6042893229253177,0.3562848108713482,5.894773658635381,6.4278328034347485,-0.5330591447993678,0.8542345269982017,0.3960497942453338,0.9229305296172043,-0.5268807353718705,0.4754849377516508,0.7849039587552451,0.39771327725173755,1.0,0.7697992980225805
GSE148071,GSM4453607_P32,B-lineage combined,131,9.455629206236624,3.128718562067867,3.7154483552582778,-0.5867297931904107,0.4674879674898029,3.6553004006739647,1.69066259319959,1.9646378074743747,7.617315711658273e-05,5.983651685152439,6.999257404294919,-1.0156057191424805,0.3614478119467226,0.8185182786680529,0.7756318196040498,0.042886459064003124,0.6673606252708761,0.7970665321707213,0.0002925049233276777,0.7872869089270845,0.865765135486542
GSE148071,GSM4453608_P33,B cells,40,9.032330756143804,3.2309473084920177,3.5993860455966336,-0.36843873710461583,0.4341208674326734,3.53653762792567,3.0529361510667763,0.4836014768588939,0.056954829805611805,7.554810449372191,7.616867820868115,-0.06205737149592405,0.7342995544245301,0.878948395287865,1.2853707249139712,-0.40642232962610625,0.8787808068152271,0.7970665321707213,0.08284338880816262,1.0,0.9373661939362422
GSE148071,GSM4453608_P33,Plasma cells,15,9.032330756143804,6.2304019136900735,4.769510256706928,1.4608916569831454,0.4761904761904762,3.8193836627209414,3.6186090404314117,0.2007746222895297,0.9333333333333333,9.04509991457824,8.847724165213723,0.1973757493645163,0.9333333333333333,3.704589507880928,1.614292870614212,2.090296637266716,0.07427255356605907,0.7970665321707213,0.9431578947368421,1.0,0.5931812970639164
GSE148071,GSM4453608_P33,B-lineage combined,55,9.032330756143804,3.6594408235203106,3.970401039363312,-0.3109602158430014,0.40062806228132297,3.576944204324995,3.232295847694586,0.3446483566304086,0.16126388327176921,7.767708944401626,8.007139344685015,-0.23943040028338913,0.5174572219615992,1.2826114113725884,1.389663112575023,-0.10705170120243457,0.9216610462236574,0.7849039587552451,0.19351665992612305,0.9327656420672797,0.9412708557177778
GSE148071,GSM4453609_P34,Plasma cells,26,8.306321296618288,5.774188352103024,5.929791296984335,-0.155602944881311,0.7046153846153846,1.6242091983611182,0.9694833473860216,0.6547258509750966,0.2565789685915951,8.22652591161099,7.537528078048407,0.688997833562583,0.7623076923076924,1.101692928645449,1.4031767188988111,-0.301483790253362,0.8057505038750687,0.8836542102951311,0.29676603596136303,1.0,0.920922516601081
GSE148071,GSM4453609_P34,B-lineage combined,29,8.306321296618288,5.155106895086634,5.747402073021328,-0.5922951779346937,0.44759378552482004,2.0343928241956997,1.019672948658747,1.0147198755369526,0.03902942648152575,6.665910474289457,7.46234208784811,-0.7964316135586529,0.9776935707970194,1.2744806321089182,1.3447110222780274,-0.07023039016910926,0.47929708411703353,0.7970665321707213,0.06350550749536393,1.0,0.7697992980225805
GSE148071,GSM4453610_P35,B cells,117,8.447384875307854,4.004777268273104,3.858721624519707,0.14605564375339686,0.723923522000234,2.738538074453985,1.9681703290600052,0.7703677453939797,0.003667499501593225,8.752186486448146,8.637598579154304,0.11458790729384205,0.8023313828097274,1.2052017794638679,0.8370134706241322,0.36818830883973563,0.16680964085061845,0.8836542102951311,0.008587315906169504,1.0,0.5931812970639164
GSE148071,GSM4453610_P35,Plasma cells,190,8.447384875307854,5.18650707565112,5.56816844943663,-0.38166137378551035,0.22191786564984506,3.4639838038744957,2.830734416066263,0.6332493878082328,0.04139809342718032,8.891001248251285,9.148020391147979,-0.25701914289669325,0.16865195376003417,1.279342409653115,1.0423377987633382,0.23700461088977676,0.08763507001527063,0.7849039587552451,0.06515109785261165,0.4779080020444919,0.5931812970639164
GSE148071,GSM4453610_P35,B-lineage combined,307,8.447384875307854,4.692329156202132,4.930517649666032,-0.23818849346390003,0.3995065905551577,3.160615589753191,2.508984320119484,0.651631269633707,0.001595052513472291,8.832951438769973,8.957624953340812,-0.12467351457083886,0.14350908331081882,1.24833814611943,0.9657485652510948,0.2825895808683353,0.03195518175050587,0.7849039587552451,0.004253473369259442,0.47506455164960715,0.4382424925783662
GSE148071,GSM4453612_P37,B cells,92,8.005448655433481,3.9203391622262864,2.6034472697184547,1.3168918925078317,0.3550277778195001,3.7809378176041277,2.675376997503902,1.1055608201002256,0.05583090575964287,9.554760943538161,5.303328665237627,4.251432278300534,0.0024323958475663482,0.836623465801026,0.6324224661558543,0.2042009996451717,0.6017694318460934,0.7849039587552451,0.08245795312193407,0.02594555570737438,0.8568229119281334
GSE148071,GSM4453612_P37,Plasma cells,43,8.005448655433481,6.499853338466269,4.584317238921609,1.91553609954466,0.16008551856538247,2.805748074156309,1.896941267659074,0.908806806497235,0.09175429077797016,7.419136674185337,6.254677160195839,1.164459513989498,0.4268697836480026,1.4556908647197278,0.626529209738822,0.8291616549809058,0.14347333680040797,0.7849039587552451,0.12066317691349501,0.8470588235294119,0.5931812970639164
GSE148071,GSM4453612_P37,B-lineage combined,135,8.005448655433481,5.210096250346277,3.205631740356213,2.004464509990064,0.04132586421463937,3.293342945880218,2.438732535631075,0.8546104102491432,0.029824203142106803,8.48694880886175,5.592538607704925,2.894410201156826,0.0031437920596134447,1.1461571652603768,0.6306309162050765,0.5155262490553003,0.13421668718248278,0.6292155836055435,0.0511272053864688,0.030180403772289068,0.5931812970639164
GSE148071,GSM4453613_P38,B cells,56,8.44351427649328,4.171114394776354,3.5129370859689852,0.6581773088073688,0.4661595595738013,3.6930128408945073,2.1622414232413707,1.5307714176531366,0.07147099034005773,6.464617689340799,7.9444438694693,-1.4798261801285006,0.06465922781128108,1.4765400506161281,0.7097222342947659,0.7668178163213623,0.1459968503819845,0.7970665321707213,0.0980173581806506,0.37443276253996777,0.5931812970639164
GSE148071,GSM4453613_P38,Plasma cells,35,8.44351427649328,5.33383642498064,6.138568940478186,-0.8047325154975464,0.168325670276542,3.5750409344127596,2.9792783268460004,0.5957626075667593,0.39573259984948894,9.23965681847998,8.42832817705466,0.8113286414253214,0.168325670276542,1.11056012134679,1.8044674583939098,-0.6939073370471198,0.25578997220921507,0.7849039587552451,0.431708290744897,0.4779080020444919,0.6636712792455309
GSE148071,GSM4453613_P38,B-lineage combined,91,8.44351427649328,4.868747612898926,4.411179562511609,0.4575680503873176,0.3276721236016418,3.6222296970054586,2.4417540481587445,1.180475648846714,0.019667023273829607,8.129641166824308,8.109983237853765,0.019657928970543637,1.0,1.256952093054525,1.0842403372760518,0.1727117557784732,0.5284725973851501,0.7849039587552451,0.03496359693125264,1.0,0.7906721440458249
GSE148071,GSM4453614_P39,B cells,96,7.820645839838757,4.152122098837123,4.460568644918626,-0.30844654608150357,0.3442417353328998,3.312158100246108,2.479039688393736,0.833118411852372,0.015909034908575266,9.29955589610701,9.276820667488787,0.022735228618223857,0.8994156514217216,0.9797484423172164,1.1106313489141182,-0.13088290659690183,0.7541413298192483,0.7849039587552451,0.029370525985062033,1.0,0.920922516601081
GSE148071,GSM4453614_P39,Plasma cells,616,7.820645839838757,6.016296656715483,6.155898954964375,-0.13960229824889137,0.2652193880622077,3.5332938677118197,3.034195585047951,0.4990982826638688,0.009777162273911998,9.282178750886944,9.175419362219806,0.10675938866713786,0.06630580169978596,1.3459029106176923,1.8640114118094275,-0.5181085011917352,0.003228885110941427,0.7849039587552451,0.019860090771813124,0.37443276253996777,0.1549864853251885
GSE148071,GSM4453614_P39,B-lineage combined,712,7.820645839838757,5.690805860895453,5.9418128748562085,-0.25100701396075564,0.060514667197813704,3.4946828606939975,2.964090574207657,0.5305922864863404,0.002226850019450237,9.28521285560791,9.188224305205992,0.09698855040191745,0.11552085844720215,1.2819711780572918,1.7688746803175286,-0.4869035022602368,0.0023690675911983363,0.6454897834433462,0.005625726364926914,0.44245371752819623,0.1549864853251885
GSE148071,GSM4453615_P40,B cells,147,9.558443765959767,2.732237658229906,2.219555452940243,0.5126822052896634,0.1747208554347952,3.809345699130098,2.069301069357061,1.740044629773037,0.0014426811954409307,6.245452447700271,7.3968236778303185,-1.1513712301300476,0.16986603384546495,0.6747655881507058,1.0066976691423195,-0.33193208099161375,0.43914974024092945,0.7849039587552451,0.003957068421780839,0.4779080020444919,0.7665159102387132
GSE148071,GSM4453615_P40,Plasma cells,64,9.558443765959767,5.650190277783127,4.129371070409311,1.5208192073738163,0.3910186491255675,5.220949212702137,1.614924156282533,3.606025056419604,0.08221436804228165,3.5794068195038133,6.8403131267524895,-3.260906307248676,0.10215053763440858,0.9178560080882731,0.9062864276153786,0.01156958047289447,0.9170260589193009,0.7849039587552451,0.11094990559467079,0.44245371752819623,0.9412708557177778
GSE148071,GSM4453615_P40,B-lineage combined,211,9.558443765959767,3.2185630948221093,2.823175933072954,0.39538716174915534,0.2723542944087972,4.044612951392104,1.9256897134112256,2.1189232379808782,0.00010735132673133778,5.801111509667527,7.22093174199743,-1.4198202323299025,0.0753887292998729,0.7152806581403003,0.9749614736338046,-0.2596808154935043,0.48131162140108485,0.7849039587552451,0.00039637412946955493,0.4020732229326555,0.7697992980225805
GSE148071,GSM4453616_P41,B cells,10,8.563067138465183,2.7739664567010096,3.075024509566734,-0.3010580528657245,0.5166666666666666,3.9303228184125127,2.889115870531445,1.0412069478810677,0.5166666666666666,8.738132416599855,6.260006644155432,2.4781257724444234,0.03333333333333333,2.205360160654386,1.1487812287905184,1.0565789318638676,0.4657589694018267,0.7999999999999998,0.545054945054945,0.22857142857142856,0.7697992980225805
GSE148071,GSM4453616_P41,Plasma cells,11,8.563067138465183,3.9790302616499056,6.4577609927939195,-2.478730731144014,0.36363636363636365,6.319458186143211,2.4448224165770105,3.8746357695662006,0.36363636363636365,10.875558316022092,9.138502342993613,1.737055973028479,0.36363636363636365,1.903861236187751,1.7380083105648214,0.16585292562292953,0.8732188794126353,0.7849039587552451,0.4012539184952978,0.7872869089270845,0.9373661939362422
GSE148071,GSM4453616_P41,B-lineage combined,21,8.563067138465183,3.0752324079382336,5.0648694997003725,-1.9896370917621389,0.09857978279030911,4.527606660345187,2.6277667799700133,1.8998398803751737,0.09857978279030911,9.272488891455415,7.953239408177891,1.319249483277524,0.3167919799498747,2.129985429537727,1.4953853945401083,0.6346000349976189,0.35700074813013727,0.7157298723023127,0.12788728578202263,0.7603007518796991,0.7261521618059471
GSE148071,GSM4453617_P42,B cells,93,8.411514943777167,3.830717833295724,3.3217945285094657,0.5089233047862582,0.3720229399561068,5.066240175740262,3.1007682007592847,1.9654719749809773,0.00013399157171740538,8.959320712396392,8.516648150281295,0.44267256211509753,0.5417208319243203,1.4421444176719536,1.1678038382636808,0.2743405794082727,0.527293649473659,0.7849039587552451,0.00047641447721744133,0.9455490884497227,0.7906721440458249
GSE148071,GSM4453617_P42,Plasma cells,143,8.411514943777167,5.723721656653048,5.459360100830091,0.2643615558229566,0.5713618843312482,4.8191071164339006,2.528552928110604,2.2905541883232967,3.2108511481530535e-05,9.504448188564327,8.12573582113055,1.378712367433776,4.029333677504493e-05,1.6487728279780867,0.910377532399412,0.7383952955786747,0.00683452959837823,0.80334599478127,0.0001340181348794318,0.0009670400826010784,0.2143055250166348
GSE148071,GSM4453617_P42,B-lineage combined,236,8.411514943777167,4.796536110518848,4.6706326971395935,0.12590341337925448,0.7455832399365169,4.940151880175792,2.739691183793807,2.200460696381985,4.317653641298238e-08,9.23744697574738,8.269976199266386,0.9674707764809938,0.0004180736460935241,1.5475670759914093,1.0053637094295433,0.542203366561866,0.008929396875693116,0.8836542102951311,4.6054972173847876e-07,0.005016883753122289,0.2143055250166348
