SNP,exposure_beta,outcome_beta,wald_ratio,ratio_se,radial_standardized_residual,radial_outlier_abs_gt3,approx_exposure_r2,approx_outcome_r2
rs6700772,0.194161602524593,0.022631,0.1165575464239048,0.0641956839474015,0.24961280704237207,False,0.018026004880870063,0.0002448952028226795
rs11577776,0.193262160262088,0.023514,0.1216689287137846,0.06477718650729514,0.32627917789568367,False,0.01784353814864012,0.0002641437517197733
rs226250,0.192443498506336,0.020418,0.1060986739405372,0.06451169602494145,0.08626640949877706,False,0.017659378127916972,0.00019879035891722354
rs161807,0.19200568514203,0.02095,0.10911135253366541,0.06455999911914131,0.13286665267833317,False,0.017583556411761174,0.000209337289988942
rs161809,0.19200568514203,0.020969,0.10921030793691791,0.06458955482001603,0.13433791899181866,False,0.017584347670649626,0.00020972660429861744
rs226243,0.19200568514203,0.021303,0.11094983976251428,0.0646850689046681,0.16103187930551316,False,0.017584347670649626,0.0002164609801109094
rs226256,0.191384920497577,0.020955,0.10949138493001229,0.0647521376993088,0.1383414307929318,False,0.01747035755477493,0.00020944099463846334
rs226258,0.191384920497577,0.020959,0.10951228521823561,0.0647531046801423,0.13866213378955025,False,0.01747020030996473,0.00020951907482720297
rs161814,0.190631430070912,0.020332,0.10665607445968803,0.06516097460441249,0.09396103945757217,False,0.017329317065463076,0.0001971299620036112
rs72634234,0.190151086447339,0.023837,0.1253582109119397,0.06611533950365846,0.37547609290847034,False,0.017550448960441264,0.00027579970757552884
rs161816,0.18931474552693,0.020537,0.10848072052094121,0.06571364510160962,0.12093742410520428,False,0.01709829632847995,0.00020121389207297273
rs161817,0.18931474552693,0.020288,0.10716545054919684,0.06563800635197575,0.10103855013275007,False,0.01709844981717604,0.00019636601486114488
rs161801,0.189167619456376,0.020211,0.10684175261115904,0.0653387090228982,0.09654722524681829,False,0.017078002274057192,0.00019494813016401668
rs498594,0.189001268147782,0.02107,0.11148073347066197,0.06565384930505538,0.16674196612612102,False,0.017037276021768497,0.0002117384815790899
rs670522,0.189001268147782,0.020736,0.10971354956087549,0.06556516540292621,0.14001441086392521,False,0.017037429416945173,0.0002050806105214157
rs11121070,0.188390079961256,0.021673,0.1150432124900485,0.06581164885184046,0.2204735968388331,False,0.017204191520535973,0.00022769645525442796
rs7513370,0.188390079961256,0.021651,0.11492643351737368,0.06580588414791069,0.21871831295867003,False,0.01720381956962086,0.00022722951328227897
rs4274087,0.187600928746775,0.020221,0.10778731286183792,0.0660929544410436,0.10975196024138292,False,0.016778932262424516,0.00019493939369144694
rs12062541,0.187506097351037,0.01842,0.09823680541713396,0.06556135835895936,-0.03503094191673577,False,0.016779466237060777,0.00016192973450590198
rs12087103,0.187506097351037,0.017728,0.09454625876411243,0.06538054305155601,-0.09157499326604387,False,0.01677616313474273,0.0001499620391572267
rs11801326,0.186921785352129,0.019271,0.10309659713391191,0.06596425356928412,0.03885612951612994,False,0.016665033931855658,0.00017713111815455154
rs72634225,0.186921785352129,0.019087,0.10211222819236036,0.06595126004281392,0.02393808150968629,False,0.01666443386254732,0.0001737585045322494
rs12088110,0.186820441245094,0.018477,0.09890245348344726,0.06579984796155215,-0.024787717918356676,False,0.016643067923849987,0.00016279741937227593
rs112933824,0.186756547013926,0.019666,0.10530286790177992,0.06615884092867552,0.07208993206414745,False,0.01662567107718318,0.00018435697892567454
rs113042763,0.186756547013926,0.019733,0.10566162373160903,0.06617528818853667,0.07749331084452153,False,0.01662567107718318,0.0001856152885394319
rs113896984,0.186756547013926,0.019022,0.10185452828372103,0.06650483326292062,0.019863920637308137,False,0.01662552042511607,0.00017247888356249162
rs11585541,0.186756547013926,0.020953,0.1121941925732734,0.06648893165791207,0.1753782280557493,False,0.016621598574498686,0.00020922498451534985
rs55662800,0.186756547013926,0.019671,0.1053296407249015,0.0661342883089227,0.0725215208895723,False,0.016623560678684042,0.00018442732139302924
rs72634219,0.186756547013926,0.020969,0.11227986560726244,0.0664930905194328,0.1766557090625914,False,0.016621447545749082,0.00020954273670319298
rs72634221,0.186756547013926,0.020959,0.11222631996101928,0.06648536037093526,0.17587087355763145,False,0.01662401313712871,0.00020937523779130385
rs11810770,0.186237451020419,0.019045,0.1022619236659973,0.06617467826740348,0.026119388223149666,False,0.016532327318028495,0.00017288682998749987
rs28619064,0.186073695685975,0.01963,0.10549583554855776,0.06639012504083507,0.0747453629845789,False,0.016493962478423805,0.0001835674329289952
rs6704330,0.186073695685975,0.019869,0.10678027287388152,0.0664495928340336,0.09400796985610907,False,0.016498020959571202,0.00018811087506607972
rs72634228,0.186073695685975,0.020008,0.10752728872417441,0.06647931836302025,0.10520275090960948,False,0.016492004794072687,0.0001906825025232077
rs9756,0.186073695685975,0.019772,0.10625897404310158,0.06642537702839073,0.08619435440863958,False,0.016496068136348283,0.00018625660326460278
rs225133,0.184777558861205,0.022622,0.12242828695984902,0.06708221086601542,0.3263876536477154,False,0.016592414416992628,0.00024869848051788747
rs112079265,0.18145779124825,0.023291,0.1283549184621998,0.06924703485241807,0.4017708045940875,False,0.015958925594616345,0.00026292306127858976
rs55867739,0.18145779124825,0.022107,0.12182998507766309,0.06845177742895482,0.3111168814568398,False,0.015958810304263625,0.00023686936430099924
rs6682378,0.177392570665791,0.021633,0.12194986474803808,0.0702386225391671,0.3049089293046246,False,0.01526674349685952,0.00022704349048510868
rs11590889,0.175034132263825,0.021944,0.12536983339297678,0.07154365928871793,0.3471495879035135,False,0.014862864765214102,0.00023360849077700715
rs11121074,0.172186140122485,0.022204,0.128953468520783,0.07246355530497826,0.39219697194517256,False,0.014414557451296094,0.00023969963324154845
rs18784,0.171505519297297,0.023002,0.13411813272392176,0.07324574453269689,0.4585201691156352,False,0.014306574478540843,0.00025734199098611843
rs113506854,0.171000704015362,0.021768,0.12729772152309066,0.0730326240409275,0.3664696472401567,False,0.014179389971035556,0.00022977290111007693
rs12139353,0.171000704015362,0.022028,0.1288181830995333,0.07338410279830765,0.38543363572194034,False,0.014179389971035556,0.0002352945596359193
rs72634245,0.171000704015362,0.02173,0.12707550021576441,0.07303591461948859,0.3634105056431112,False,0.01418101400615514,0.00022899760582383797
rs225103,0.169697299926484,0.023012,0.1356061646824624,0.07407238061461967,0.4734920470714712,False,0.013999041907717473,0.0002574288282088731
rs225111,0.169697299926484,0.022994,0.13550009346030506,0.07435916678489735,0.470239425996607,False,0.01400143682466011,0.000257070235084877
rs6577469,-0.168125328075933,-0.015663,0.09316264348299669,0.07403972823990597,-0.09955247332768492,False,0.013977008425162769,0.00012131034369745327
rs225126,0.166794757593944,0.01442,0.08645355650268689,0.0732919383791446,-0.19210741812101603,False,0.01353966594951641,0.00010119840726283513
rs225129,0.166489791227974,0.013655,0.08201704080043111,0.07377528592871287,-0.250984330596154,False,0.013320024797049645,8.960107596037473e-05
rs2294890,0.166113516385895,0.012506,0.07528586638878657,0.07366309785373908,-0.3427444120682043,False,0.013410131952941143,7.600811400498978e-05
rs161799,0.166066055299339,0.023806,0.14335259518923948,0.07838768867399026,0.5462479422442555,False,0.012014602511787778,0.0002468996796986278
rs225095,0.164832991986511,0.013814,0.08380603806021103,0.0744607341931465,-0.22464784526819184,False,0.0130521577374718,9.167120356590641e-05
rs225134,0.164832991986511,0.013737,0.08333889856906898,0.07442352709167828,-0.23103692685162472,False,0.01305387817997712,9.066404019458873e-05
rs225092,0.164513179689294,0.01097,0.06668158758294242,0.073355652181947,-0.461476286610912,False,0.013219396167158533,5.877917419757838e-05
rs226242,0.164513179689294,0.011028,0.06703414292294338,0.07345736006476733,-0.4560378783189218,False,0.013220218714065105,5.940606172455103e-05
rs225096,0.162988650138115,0.013631,0.08363159022698344,0.07531447779683807,-0.2244175598269251,False,0.012760337850612032,8.924890220772737e-05
rs172811,0.162736931373502,0.010984,0.06749543516210417,0.07412418435191866,-0.4457121070611771,False,0.012935235986561773,5.8928197853831126e-05
rs225116,0.162446912892233,0.023487,0.14458261829562274,0.08023865606274566,0.548976502141161,False,0.011469449584306464,0.00023975890543346203
rs9434999,-0.161830991894963,-0.012286,0.07591870911830209,0.07648011263441222,-0.32184539990349675,False,0.012972137822383972,7.476686727346216e-05
rs225123,0.161529473644184,0.011938,0.07390601684431254,0.07494894661981859,-0.35527470245239423,False,0.012743758997420442,6.96076774278635e-05
rs72854902,0.161529473644184,0.011396,0.07055059205543522,0.07475705522633286,-0.4010710348017079,False,0.012743202851324652,6.342783996907437e-05
rs9434603,-0.161515218003092,-0.015172,0.09393542099364006,0.076405365563246,-0.08635598444571582,False,0.012919638128834812,0.00011400112095720087
rs371452,0.161447334336925,0.01221,0.07562837782455366,0.07487132455898104,-0.3326387488926542,False,0.012734203286490815,7.28352053411321e-05
rs10864332,-0.161247390614132,-0.015084,0.09354569982528456,0.07756769757145632,-0.0900862336679154,False,0.012871498399887226,0.00011263588188584498
rs442862,0.161155317560198,0.011343,0.07038551486681743,0.07462589293766694,-0.4039880194419026,False,0.01267875233277868,6.28120694208776e-05
rs6698516,-0.16094734116412,-0.017445,0.108389488598082,0.0774791098135542,0.10139516397642852,False,0.012821308753967807,0.00015062834108794493
rs225118,0.160873301187844,0.0145,0.09013304192141275,0.0765991539847491,-0.13577747391892797,False,0.01243505764348898,0.00010102197612780002
rs713194,-0.160568438605903,-0.015968,0.09944669163279118,0.07784964897340704,-0.013960113312380168,False,0.012755991431186435,0.00012615222020236064
rs4908734,-0.160137134657265,-0.01179,0.07362439714706809,0.07703052647505645,-0.34933013751936914,False,0.012697296453879932,6.8826353849982e-05
rs4908735,-0.160137134657265,-0.011861,0.07406776713836935,0.07704109817957369,-0.34352722171393724,False,0.012697296453879932,6.965780169028542e-05
rs225100,0.159594548265966,0.011768,0.07373685459724166,0.07547045184790702,-0.3550611703047653,False,0.01244229046726776,6.765027270405571e-05
rs2745722,0.159594548265966,0.011569,0.07248994483646233,0.0755087431663465,-0.3713945636142619,False,0.012445526270156423,6.539865315454695e-05
rs370812,0.159594548265966,0.011621,0.07281577050259562,0.07549654945591663,-0.3671387798640792,False,0.012439813030847464,6.595758590159455e-05
rs7532413,0.159594548265966,0.010854,0.06800984192712958,0.07584297257232009,-0.4288286511403078,False,0.012445218872753502,5.7563351224567026e-05
rs7556398,0.159594548265966,0.010473,0.06562254233488374,0.07528449351343194,-0.46372018445839136,False,0.012442367719051122,5.358079284873724e-05
rs225114,0.159580937408924,0.013252,0.08304250003270709,0.07708211495159659,-0.22691361714796315,False,0.012224429081018064,8.430035743308007e-05
rs225113,0.159376040269266,0.015119,0.0948636945331082,0.07799999874802536,-0.07268957835495231,False,0.012200139963982002,0.00010979053014648989
rs408320,0.158758330091409,0.011299,0.07117106858893214,0.07598665477275784,-0.38641539165879446,False,0.012298165015801074,6.229415356630796e-05
rs9730618,0.157748330151665,0.014764,0.09359211590896303,0.07931637339057314,-0.08751491461472852,False,0.0119537911215044,0.00010470904398455305
rs4908732,-0.157452202750139,-0.015525,0.09860135157738399,0.07853749214229322,-0.024601370933825684,False,0.01227292788511121,0.0001193201851208355
rs379920,0.157430196141497,0.01144,0.07266712664016388,0.07747707952407601,-0.35967224222701394,False,0.012158661724844543,6.420395055964033e-05
rs226249,0.157104144239276,0.011965,0.07615967139464393,0.07769970570824117,-0.3136924385617055,False,0.012113337474262915,7.026093741055034e-05
rs225106,0.157103674669789,0.013353,0.08499482923022793,0.07833414440549367,-0.1983637204630181,False,0.011848433612602476,8.559451802903982e-05
rs225109,0.157103674669789,0.013397,0.08527489906368332,0.07836520592983512,-0.19471118985851363,False,0.011847151005480432,8.615021231999998e-05
rs225110,0.157103674669789,0.013355,0.08500755967720316,0.07836576017636626,-0.19812124378866355,False,0.011846953533218423,8.56094650091152e-05
rs11121075,0.156958713591936,0.01323,0.08428968164453479,0.07831318948947867,-0.2074209978567725,False,0.01182991882166872,8.404862085566479e-05
rs9434981,0.156958713591936,0.013662,0.08704199777986653,0.0783990648060887,-0.17208730496074298,False,0.011830605147190608,8.963232471828171e-05
rs225105,0.156902307641563,0.014548,0.09272011494715757,0.07878618854136328,-0.09917178062915595,False,0.011824549053743473,0.00010165588134564375
rs225104,0.156170224979844,0.013974,0.08947928455506511,0.07892040685146064,-0.14006766360859516,False,0.01171504386673423,9.379699502082318e-05
rs226253,0.155864885974237,0.012279,0.078779770846075,0.07832482428058456,-0.2777371147337046,False,0.01191941130376907,7.397487375382223e-05
