gene,avg_log2FC,mean_log2CPM_PARK7_high,mean_log2CPM_PARK7_low,pct_high,pct_low,max_pct,excluded_manual_redox_or_anchor,excluded_low_detection,eligible_for_CMap,PARK7_group_cutoff_log2CPM,n_B_lineage_cells,n_PARK7_high,n_PARK7_low,CMap_direction
RPS12,1.0115114929224607,5.860734990761849,4.849223497839389,0.9933333333333232,0.926733780760638,0.9933333333333232,False,False,True,1.807956270505679,2538,750,1788,UP
RPL30,0.9781425655200824,5.176758280865137,4.1986157153450545,0.9799999999999902,0.8819910514541496,0.9799999999999902,False,False,True,1.807956270505679,2538,750,1788,UP
RPS15A,0.976348846491518,4.902548817692304,3.9261999712007865,0.9799999999999902,0.8585011185682432,0.9799999999999902,False,False,True,1.807956270505679,2538,750,1788,UP
RPS23,0.9757006532809713,5.1277274363862215,4.15202678310525,0.9906666666666566,0.8864653243847984,0.9906666666666566,False,False,True,1.807956270505679,2538,750,1788,UP
RPS3,0.968006201739624,4.7191672148173724,3.7511610130777484,0.9893333333333233,0.8596196868009054,0.9893333333333233,False,False,True,1.807956270505679,2538,750,1788,UP
RPL11,0.9642549162875884,5.2777089377920445,4.313454021504456,0.9906666666666566,0.889821029082785,0.9906666666666566,False,False,True,1.807956270505679,2538,750,1788,UP
RPL10A,0.9521684632558456,3.9146594696651977,2.962491006409352,0.9559999999999909,0.7964205816554906,0.9559999999999909,False,False,True,1.807956270505679,2538,750,1788,UP
RPL26,0.9457693717991411,4.8627124287622605,3.9169430569631194,0.9839999999999901,0.8719239373601897,0.9839999999999901,False,False,True,1.807956270505679,2538,750,1788,UP
RPL39,0.9394863506415643,5.284876261631143,4.345389910989579,0.98799999999999,0.8965324384787583,0.98799999999999,False,False,True,1.807956270505679,2538,750,1788,UP
RPS14,0.9375849979427953,5.056145451429241,4.118560453486446,0.9786666666666569,0.8836689038031429,0.9786666666666569,False,False,True,1.807956270505679,2538,750,1788,UP
RPS3A,0.9353173064160587,4.883749705165113,3.948432398749054,0.9786666666666569,0.8730425055928519,0.9786666666666569,False,False,True,1.807956270505679,2538,750,1788,UP
RPL27,0.9340368470399159,3.844236053910174,2.9101992068702582,0.9586666666666575,0.7908277404921795,0.9586666666666575,False,False,True,1.807956270505679,2538,750,1788,UP
RPS29,0.9318777251679284,4.975382683239419,4.04350495807149,0.9773333333333236,0.8713646532438586,0.9773333333333236,False,False,True,1.807956270505679,2538,750,1788,UP
RPS13,0.9298671911199468,4.308802687936439,3.3789354968164926,0.9666666666666572,0.8227069351230525,0.9666666666666572,False,False,True,1.807956270505679,2538,750,1788,UP
RPL10,0.9240115425429094,5.64604425290916,4.722032710366251,0.9946666666666565,0.9239373601789824,0.9946666666666565,False,False,True,1.807956270505679,2538,750,1788,UP
RPL41,0.9235873112544075,5.424285367600502,4.500698056346095,0.98799999999999,0.9060402684563871,0.98799999999999,False,False,True,1.807956270505679,2538,750,1788,UP
RPS27A,0.91108177073228,4.828757420347901,3.917675649615621,0.9719999999999904,0.8696868008948653,0.9719999999999904,False,False,True,1.807956270505679,2538,750,1788,UP
RPS27,0.9103473830734226,6.034104704403935,5.123757321330513,0.9973333333333231,0.9328859060402801,0.9973333333333231,False,False,True,1.807956270505679,2538,750,1788,UP
RPL7A,0.9061338941915511,4.559086688410002,3.6529527942184505,0.9773333333333236,0.8601789709172365,0.9773333333333236,False,False,True,1.807956270505679,2538,750,1788,UP
RPL21,0.9059043740907229,4.604980686110865,3.6990763120201424,0.9679999999999905,0.84675615212529,0.9679999999999905,False,False,True,1.807956270505679,2538,750,1788,UP
RPL12,0.9012926519334803,4.988558786774656,4.087266134841176,0.9813333333333235,0.8803131991051563,0.9813333333333235,False,False,True,1.807956270505679,2538,750,1788,UP
RPS18,0.8966935640447584,5.592610081475703,4.695916517430945,0.98799999999999,0.921700223713658,0.98799999999999,False,False,True,1.807956270505679,2538,750,1788,UP
RPS8,0.8875719000645699,5.23185605130963,4.34428415124506,0.9826666666666568,0.889821029082785,0.9826666666666568,False,False,True,1.807956270505679,2538,750,1788,UP
RPL9,0.8857566183358516,4.779873176338164,3.8941165580023123,0.9839999999999901,0.8769574944071696,0.9839999999999901,False,False,True,1.807956270505679,2538,750,1788,UP
RPS10,0.883800548312867,3.796437791354638,2.912637243041771,0.9399999999999913,0.7785234899328952,0.9399999999999913,False,False,True,1.807956270505679,2538,750,1788,UP
RPS6,0.8751869512559196,5.065107547240712,4.189920595984792,0.9866666666666567,0.8892617449664539,0.9866666666666567,False,False,True,1.807956270505679,2538,750,1788,UP
RPL23A,0.8696518790966947,4.4540120118742,3.584360132777505,0.9719999999999904,0.8551454138702566,0.9719999999999904,False,False,True,1.807956270505679,2538,750,1788,UP
RPS25,0.8695063048591756,4.630362597845918,3.760856292986743,0.9866666666666567,0.8612975391498987,0.9866666666666567,False,False,True,1.807956270505679,2538,750,1788,UP
RPL32,0.8641387364384059,5.3379732074581305,4.473834471019725,0.9906666666666566,0.9077181208053804,0.9906666666666566,False,False,True,1.807956270505679,2538,750,1788,UP
RPS4X,0.8581811048752748,4.587984112116,3.729803007240725,0.9759999999999903,0.8624161073825609,0.9759999999999903,False,False,True,1.807956270505679,2538,750,1788,UP
RPL3,0.8559630525459121,4.746205533591487,3.890242481045575,0.9839999999999901,0.8691275167785342,0.9839999999999901,False,False,True,1.807956270505679,2538,750,1788,UP
RPL5,0.8544442299239137,4.047617528568879,3.1931732986449655,0.9679999999999905,0.8210290827740592,0.9679999999999905,False,False,True,1.807956270505679,2538,750,1788,UP
RPL15,0.8502120004988756,4.34957461532649,3.4993626148276142,0.974666666666657,0.8585011185682432,0.974666666666657,False,False,True,1.807956270505679,2538,750,1788,UP
RPS9,0.8490492858818621,4.5592750506945885,3.7102257648127264,0.9853333333333234,0.8747203579418452,0.9853333333333234,False,False,True,1.807956270505679,2538,750,1788,UP
RPS19,0.8485094942139781,5.182732464206826,4.334222969992848,0.98799999999999,0.9060402684563871,0.98799999999999,False,False,True,1.807956270505679,2538,750,1788,UP
RPS2,0.8454386779865248,4.817730529473544,3.9722918514870194,0.9826666666666568,0.8892617449664539,0.9826666666666568,False,False,True,1.807956270505679,2538,750,1788,UP
RPS7,0.8384333418058287,4.21132288212751,3.372889540321681,0.9706666666666571,0.8434004474273034,0.9706666666666571,False,False,True,1.807956270505679,2538,750,1788,UP
HLA-DPB1,0.8350817088136302,3.5611172231774426,2.7260355143638124,0.9373333333333247,0.7410514541387112,0.9373333333333247,False,False,True,1.807956270505679,2538,750,1788,UP
RPL24,0.8348680913756716,4.521692472089836,3.6868243807141647,0.9866666666666567,0.8724832214765208,0.9866666666666567,False,False,True,1.807956270505679,2538,750,1788,UP
RPL18A,0.8335020443477577,4.904280920054257,4.070778875706499,0.9839999999999901,0.8875838926174606,0.9839999999999901,False,False,True,1.807956270505679,2538,750,1788,UP
RPL36,0.8332388843997998,4.708058423855968,3.8748195394561686,0.9839999999999901,0.8797539149888252,0.9839999999999901,False,False,True,1.807956270505679,2538,750,1788,UP
HLA-DRA,0.8324524729152221,4.646360829006623,3.813908356091401,0.9639999999999906,0.84675615212529,0.9639999999999906,False,False,True,1.807956270505679,2538,750,1788,UP
RPL29,0.8311507235726472,4.468133074460214,3.6369823508875667,0.974666666666657,0.8624161073825609,0.974666666666657,False,False,True,1.807956270505679,2538,750,1788,UP
RPL18,0.8302297806798009,4.664773284021675,3.834543503341874,0.9853333333333234,0.8752796420581763,0.9853333333333234,False,False,True,1.807956270505679,2538,750,1788,UP
RPS21,0.8240256139532858,3.868525226790015,3.0444996128367294,0.9679999999999905,0.8232662192393836,0.9679999999999905,False,False,True,1.807956270505679,2538,750,1788,UP
RPS5,0.8226420409454938,3.725919618182665,2.903277577237171,0.9506666666666577,0.7941834451901661,0.9506666666666577,False,False,True,1.807956270505679,2538,750,1788,UP
RPL34,0.8221082089469132,5.228120905907966,4.406012696961053,0.9866666666666567,0.9049217002237249,0.9866666666666567,False,False,True,1.807956270505679,2538,750,1788,UP
FAU,0.8198057009060755,4.253182737796619,3.4333770368905436,0.9679999999999905,0.8450782997762967,0.9679999999999905,False,False,True,1.807956270505679,2538,750,1788,UP
RPL19,0.8182340314232102,4.924383012501126,4.106148981077916,0.9893333333333233,0.8859060402684673,0.9893333333333233,False,False,True,1.807956270505679,2538,750,1788,UP
RPL22,0.8151830805590743,3.9955170162740843,3.18033393571501,0.9773333333333236,0.8400447427293167,0.9773333333333236,False,False,True,1.807956270505679,2538,750,1788,UP
MT-ND2,-0.42256664247927933,3.963956932872974,4.386523575352253,0.9679999999999905,0.9502237136465443,0.9679999999999905,False,False,True,1.807956270505679,2538,750,1788,DOWN
MALAT1,-0.4202370017926036,8.160200436232328,8.580437438024932,0.9986666666666564,0.9960850111856949,0.9986666666666564,False,False,True,1.807956270505679,2538,750,1788,DOWN
MT-ND5,-0.41564755998805447,3.1149559462489522,3.5306035062370067,0.9266666666666583,0.916107382550347,0.9266666666666583,False,False,True,1.807956270505679,2538,750,1788,DOWN
IGKC,-0.39391301088626696,2.5000255536030425,2.8939385644893094,0.6093333333333335,0.5855704697986641,0.6093333333333335,False,False,True,1.807956270505679,2538,750,1788,DOWN
MT-CYB,-0.38513841320027353,4.753591942085168,5.138730355285442,0.974666666666657,0.9602908277405042,0.974666666666657,False,False,True,1.807956270505679,2538,750,1788,DOWN
MT-ATP6,-0.36599821432545987,5.502015738306444,5.8680139526319035,0.9866666666666567,0.9692393736018019,0.9866666666666567,False,False,True,1.807956270505679,2538,750,1788,DOWN
MT-ND4,-0.36263852501630556,5.077999618771568,5.440638143787874,0.9839999999999901,0.9658836689038153,0.9839999999999901,False,False,True,1.807956270505679,2538,750,1788,DOWN
MT-ND3,-0.35766716523148556,4.887476240678794,5.245143405910279,0.9799999999999902,0.9563758389261865,0.9799999999999902,False,False,True,1.807956270505679,2538,750,1788,DOWN
NEAT1,-0.35211149375778517,3.101181947841588,3.453293441599373,0.86266666666666,0.8344519015660057,0.86266666666666,False,False,True,1.807956270505679,2538,750,1788,DOWN
MT-ND4L,-0.33316306412682284,2.214122591800807,2.54728565592763,0.8693333333333265,0.8406040268456478,0.8693333333333265,False,False,True,1.807956270505679,2538,750,1788,DOWN
JCHAIN,-0.3316189810563219,0.7263659890801497,1.0579849701364716,0.22399999999999964,0.24328859060402813,0.24328859060402813,False,False,True,1.807956270505679,2538,750,1788,DOWN
IGHG4,-0.3241430963860602,0.7520349379282055,1.0761780343142657,0.3546666666666677,0.3249440715883694,0.3546666666666677,False,False,True,1.807956270505679,2538,750,1788,DOWN
MT-CO3,-0.30658025893746554,5.1133710376835335,5.419951296620999,0.9799999999999902,0.9658836689038153,0.9799999999999902,False,False,True,1.807956270505679,2538,750,1788,DOWN
MT-CO1,-0.2894443641201363,5.866398788498562,6.155843152618698,0.9866666666666567,0.9731543624161196,0.9866666666666567,False,False,True,1.807956270505679,2538,750,1788,DOWN
MT-ND1,-0.2788407271147273,4.0734928361493585,4.352333563264086,0.9693333333333238,0.9395973154362534,0.9693333333333238,False,False,True,1.807956270505679,2538,750,1788,DOWN
MT-CO2,-0.2787643820639243,5.820122359965818,6.098886742029742,0.9906666666666566,0.9720357941834574,0.9906666666666566,False,False,True,1.807956270505679,2538,750,1788,DOWN
SPP1,-0.22332054864755835,0.9891248630009987,1.212445411648557,0.40933333333333516,0.4183445190156639,0.4183445190156639,False,False,True,1.807956270505679,2538,750,1788,DOWN
IGHA1,-0.22320666495152586,0.8605490434374101,1.083755708388936,0.36666666666666786,0.349552572706938,0.36666666666666786,False,False,True,1.807956270505679,2538,750,1788,DOWN
SYNE2,-0.19497545477810796,0.5609818366904233,0.7559572914685313,0.4080000000000018,0.4060402684563796,0.4080000000000018,False,False,True,1.807956270505679,2538,750,1788,DOWN
MT-ATP8,-0.15802775213564046,0.5646897488067545,0.722717500942395,0.40933333333333516,0.4054809843400485,0.40933333333333516,False,False,True,1.807956270505679,2538,750,1788,DOWN
TTN,-0.14314859820347325,0.542924432806118,0.6860730310095913,0.3453333333333342,0.32941834451901825,0.3453333333333342,False,False,True,1.807956270505679,2538,750,1788,DOWN
MT-ND6,-0.1370286302107953,0.4591101001574603,0.5961387303682556,0.3626666666666678,0.3461968680089514,0.3626666666666678,False,False,True,1.807956270505679,2538,750,1788,DOWN
AP000769.1,-0.12916438650431894,0.8952808959393787,1.0244452824436976,0.46933333333333604,0.45246085011186127,0.46933333333333604,False,False,True,1.807956270505679,2538,750,1788,DOWN
IGHA2,-0.12628279034441037,0.09996029664495219,0.22624308698936255,0.04133333333333332,0.06543624161073834,0.06543624161073834,False,False,True,1.807956270505679,2538,750,1788,DOWN
MZB1,-0.12161141739671649,0.28183734631959523,0.4034487637163117,0.10266666666666681,0.12136465324384742,0.12136465324384742,False,False,True,1.807956270505679,2538,750,1788,DOWN
OGT,-0.12046516735133528,0.7309536923705348,0.85141885972187,0.5146666666666694,0.493847874720363,0.5146666666666694,False,False,True,1.807956270505679,2538,750,1788,DOWN
AAK1,-0.11249653885048444,0.21307903999382038,0.3255755788443048,0.2159999999999997,0.23434004474273046,0.23434004474273046,False,False,True,1.807956270505679,2538,750,1788,DOWN
CLK1,-0.1111183466144553,0.6174086285661976,0.7285269751806529,0.4480000000000024,0.4317673378076104,0.4480000000000024,False,False,True,1.807956270505679,2538,750,1788,DOWN
TP53INP1,-0.11109524089750433,0.34629728263045595,0.4573925235279603,0.2893333333333334,0.3025727069351252,0.3025727069351252,False,False,True,1.807956270505679,2538,750,1788,DOWN
ZNF207,-0.09608636650003866,0.8027837902304796,0.8988701567305183,0.5626666666666681,0.5167785234899382,0.5626666666666681,False,False,True,1.807956270505679,2538,750,1788,DOWN
FTX,-0.09507282910314702,0.1376216770182794,0.23269450612142642,0.14400000000000013,0.17841163310962,0.17841163310962,False,False,True,1.807956270505679,2538,750,1788,DOWN
HELZ,-0.0938701472964929,0.36723077958455497,0.46110092688104787,0.34133333333333415,0.3243847874720383,0.34133333333333415,False,False,True,1.807956270505679,2538,750,1788,DOWN
S100A8,-0.0923328155709504,0.09447718971863676,0.18681000528958716,0.05333333333333331,0.07662192393736016,0.07662192393736016,False,False,True,1.807956270505679,2538,750,1788,DOWN
GPNMB,-0.0888781616122412,0.09558265113645946,0.18446081274870066,0.0613333333333333,0.08501118568232652,0.08501118568232652,False,False,True,1.807956270505679,2538,750,1788,DOWN
XBP1,-0.0871087351530766,1.087418714000528,1.1745274491536046,0.5480000000000018,0.4893736017897142,0.5480000000000018,False,False,True,1.807956270505679,2538,750,1788,DOWN
JSRP1,-0.08688967416015692,0.04189160129357103,0.12878127545372794,0.031999999999999994,0.07046979865771816,0.07046979865771816,False,False,True,1.807956270505679,2538,750,1788,DOWN
APOE,-0.08686432227765051,0.21841547518444926,0.30527979746209977,0.1586666666666667,0.15100671140939587,0.1586666666666667,False,False,True,1.807956270505679,2538,750,1788,DOWN
GOLGA8A,-0.08505899817002609,0.11440171979402562,0.1994607179640517,0.08400000000000006,0.10794183445190124,0.10794183445190124,False,False,True,1.807956270505679,2538,750,1788,DOWN
MSI2,-0.08206224138842327,0.2994212013157474,0.38148344270417067,0.2639999999999997,0.2611856823266235,0.2639999999999997,False,False,True,1.807956270505679,2538,750,1788,DOWN
SEL1L,-0.08184114143744625,0.27173110572079323,0.3535722471582395,0.25333333333333286,0.2544742729306502,0.2544742729306502,False,False,True,1.807956270505679,2538,750,1788,DOWN
EPM2AIP1,-0.07988281716041506,0.38568623524935164,0.4655690524097667,0.33600000000000074,0.3350111856823293,0.33600000000000074,False,False,True,1.807956270505679,2538,750,1788,DOWN
NDRG1,-0.07970552619004678,0.2542012945230927,0.3339068207131395,0.23466666666666625,0.23657718120805488,0.23657718120805488,False,False,True,1.807956270505679,2538,750,1788,DOWN
IGHG3,-0.07969576560110603,0.8481488031188246,0.9278445687199306,0.3053333333333336,0.25615212527964354,0.3053333333333336,False,False,True,1.807956270505679,2538,750,1788,DOWN
MGEA5,-0.07861801356553799,0.7244157737727416,0.8030337873382796,0.5200000000000026,0.47427293064877435,0.5200000000000026,False,False,True,1.807956270505679,2538,750,1788,DOWN
NABP1,-0.07809261276245466,0.3529341495577802,0.43102676232023485,0.23599999999999957,0.2164429530201351,0.23599999999999957,False,False,True,1.807956270505679,2538,750,1788,DOWN
PIM1,-0.07576229021119024,0.10273630642023568,0.17849859663142592,0.08400000000000006,0.11409395973154324,0.11409395973154324,False,False,True,1.807956270505679,2538,750,1788,DOWN
ANKRD36,-0.07557569703886777,0.13913785779102592,0.21471355482989368,0.12933333333333355,0.14597315436241592,0.14597315436241592,False,False,True,1.807956270505679,2538,750,1788,DOWN
GPRIN3,-0.0735101181944906,0.14911927002741673,0.22262938822190734,0.1373333333333335,0.14932885906040255,0.14932885906040255,False,False,True,1.807956270505679,2538,750,1788,DOWN
ANKRD36C,-0.07345960665011572,0.1791616897829678,0.2526212964330835,0.1373333333333335,0.14653243847874703,0.14653243847874703,False,False,True,1.807956270505679,2538,750,1788,DOWN
ITGA6,-0.07303783757599844,0.2035403300201056,0.27657816759610404,0.19199999999999984,0.20693512304250633,0.20693512304250633,False,False,True,1.807956270505679,2538,750,1788,DOWN
