row_id,ID,Description,GeneRatio,BgRatio,RichFactor,FoldEnrichment,zScore,pvalue,p.adjust,qvalue,geneID,Count
GO:0002181,GO:0002181,cytoplasmic translation,80/189,208/18860,0.384615384615385,38.3801383801384,54.5401479550245,1.57702407273435e-110,3.49626236925205e-107,3.16898837352618e-107,RPL13A/RPL32/RPL23A/RPS23/RPL30/RPL11/RPLP2/RPL19/RPL21/RPL27A/RPS27/RPS15A/RPS27A/RPL26/RPS18/RPS6/RPS25/RPS8/RPL28/RPL34/RPL13/RPS29/RPS12/RPL39/RPL9/RPS3/RPL31/RPS2/RPL37/RPS15/RPL35A/RPS13/RPSA/RPS3A/RPS20/RPS14/RPL41/RPL14/RPS28/RPL5/RPL18/RPL10A/RPL29/RPL3/RPL18A/FAU/RPS17/RPS7/RPL36/RPS11/RPL27/RPL15/RPS16/RPL7/RPLP1/RPL10/RPL38/RPS4X/UBA52/RPL22/RPL35/RPL37A/RPL7A/RPS21/RPL4/RPL12/RPL6/RPL8/RPS9/RPS10/RPS5/RPL23/RPL24/RPS19/EEF2/RPL36A/RPS24/PABPC1/EIF3E/EEF1D,80
GO:0042274,GO:0042274,ribosomal small subunit biogenesis,26/189,107/18860,0.242990654205607,24.2476388270781,24.2628495230174,4.71551380127217e-29,5.2271470487102e-26,4.73785044559399e-26,RPS23/RPS27/RPS15A/RPS27A/RPS6/RPS25/RPS8/RPS12/RPS15/RPS13/RPSA/RPS3A/RPS14/RPS28/FAU/RPS17/RPS7/RPS11/RPS16/RPS4X/RPS21/RPS9/RPS5/RPS19/RPS24/NPM1,26
GO:0042254,GO:0042254,ribosome biogenesis,37/189,318/18860,0.116352201257862,11.6105953212871,19.1991263062186,8.80382805853132e-29,6.50602893525464e-26,5.89702026797764e-26,RPS23/RPL11/RPS27/RPS15A/RPS27A/RPL26/RPS6/RPS25/RPS8/RPS12/RPS15/RPL35A/RPS13/RPSA/RPS3A/RPS14/RPL14/RPS28/RPL5/FAU/RPS17/RPS7/RPS11/RPL27/RPS16/RPL7/RPL38/RPS4X/RPL35/RPL7A/RPS21/RPS9/RPS5/RPL24/RPS19/RPS24/NPM1,37
GO:0022613,GO:0022613,ribonucleoprotein complex biogenesis,39/189,496/18860,0.0786290322580645,7.84626216077829,15.5459463439433,6.36945991120729e-24,3.53027315578664e-21,3.19981551855124e-21,RPL13A/RPS23/RPL11/RPS27/RPS15A/RPS27A/RPL26/RPS6/RPS25/RPS8/RPS12/RPS15/RPL35A/RPS13/RPSA/RPS3A/RPS14/RPL14/RPS28/RPL5/FAU/RPS17/RPS7/RPS11/RPL27/RPS16/RPL7/RPL38/RPS4X/RPL35/RPL7A/RPS21/RPS9/RPS5/RPL24/RPS19/RPS24/NPM1/EIF3E,39
GO:0006364,GO:0006364,rRNA processing,22/189,223/18860,0.0986547085201794,9.84459154862742,13.3674526177853,7.48805849776554e-16,3.32020513790924e-13,3.00941129941777e-13,RPL11/RPS27/RPL26/RPS6/RPS25/RPS8/RPS15/RPL35A/RPS14/RPL14/RPS28/RPL5/RPS17/RPS7/RPL27/RPS16/RPL7/RPL35/RPL7A/RPS21/RPS19/RPS24,22
GO:0042255,GO:0042255,ribosome assembly,13/189,60/18860,0.216666666666667,21.620811287478,16.0956637675914,2.32209384687721e-14,8.58013676421129e-12,7.77697746261157e-12,RPL11/RPS27/RPS6/RPS15/RPSA/RPS14/RPS28/RPL5/FAU/RPL38/RPL24/RPS19/NPM1,13
GO:0016072,GO:0016072,rRNA metabolic process,22/189,270/18860,0.0814814814814815,8.13090339016265,11.8738944131093,4.07165954005048e-14,1.28955274289885e-11,1.16884181382803e-11,RPL11/RPS27/RPL26/RPS6/RPS25/RPS8/RPS15/RPL35A/RPS14/RPL14/RPS28/RPL5/RPS17/RPS7/RPL27/RPS16/RPL7/RPL35/RPL7A/RPS21/RPS19/RPS24,22
GO:0000028,GO:0000028,ribosomal small subunit assembly,8/189,20/18860,0.4,39.9153439153439,17.5186995471253,9.96349904477272e-12,2.76113467278264e-09,2.50267364164094e-09,RPS27/RPS6/RPS15/RPSA/RPS14/RPS28/FAU/RPS19,8
GO:0042273,GO:0042273,ribosomal large subunit biogenesis,10/189,69/18860,0.144927536231884,14.4620811287478,11.2711504127034,1.63902210038052e-09,4.03745777393734e-07,3.65952419839346e-07,RPL11/RPL26/RPL35A/RPL14/RPL5/RPL7/RPL35/RPL7A/RPL24/NPM1,10
GO:0034976,GO:0034976,response to endoplasmic reticulum stress,17/189,288/18860,0.0590277777777778,5.89028512639624,8.41409731248197,5.30062477268504e-09,1.17514851210427e-06,1.0651465990585e-06,PARK7/DERL3/SDF2L1/HSP90B1/XBP1/PDIA4/MANF/DNAJB9/HSPA5/PDIA6/P4HB/ERLEC1/EEF2/CALR/SEC61B/AGR2/TMEM258,17
GO:1901796,GO:1901796,regulation of signal transduction by p53 class mediator,11/189,123/18860,0.0894308943089431,8.92416225749559,8.87079064681934,4.44521877728252e-08,8.95913639021394e-06,8.12050013955246e-06,RPL11/RPL26/RPL37/RPS15/RPS20/RPL5/RPS7/RPL23/NPM1/CD74/MUC1,11
GO:1901798,GO:1901798,positive regulation of signal transduction by p53 class mediator,7/189,36/18860,0.194444444444444,19.40329218107,11.1198072031085,5.92885530131438e-08,1.09535601691783e-05,9.92823225456943e-06,RPL11/RPL26/RPL37/RPS15/RPS20/RPS7/RPL23,7
GO:0022618,GO:0022618,protein-RNA complex assembly,14/189,231/18860,0.0606060606060606,6.04777938111271,7.7663691009429,9.02337423627959e-08,1.53883236014091e-05,1.39478715927593e-05,RPL13A/RPL11/RPS27/RPS6/RPS15/RPSA/RPS14/RPS28/RPL5/FAU/RPL38/RPL24/RPS19/EIF3E,14
GO:0071826,GO:0071826,protein-RNA complex organization,14/189,240/18860,0.0583333333333333,5.82098765432099,7.56237561914202,1.44666363274634e-07,2.29089519557046e-05,2.0764517856487e-05,RPL13A/RPL11/RPS27/RPS6/RPS15/RPSA/RPS14/RPS28/RPL5/FAU/RPL38/RPL24/RPS19/EIF3E,14
GO:0045047,GO:0045047,protein targeting to ER,7/189,47/18860,0.148936170212766,14.8620961386919,9.57315852514854,4.07005119844253e-07,6.01553567129806e-05,5.45244051777318e-05,SEC61G/SEC61A1/HSPA5/SSR3/SPCS2/SPCS3/SEC61B,7
GO:0006457,GO:0006457,protein folding,13/189,228/18860,0.0570175438596491,5.68968718091525,7.16783506187635,5.30512662299562e-07,7.35091607698831e-05,6.66282021269648e-05,SDF2L1/HSP90B1/PDIA4/LMAN1/PPIB/HSPA5/PDIA6/P4HB/CALR/CD74/PFDN5/DNAJB11/SIL1,13
GO:0072599,GO:0072599,establishment of protein localization to endoplasmic reticulum,7/189,51/18860,0.137254901960784,13.6964415395788,9.13462440821199,7.2434248830028e-07,9.44627821506895e-05,8.56204216820579e-05,SEC61G/SEC61A1/HSPA5/SSR3/SPCS2/SPCS3/SEC61B,7
GO:0019731,GO:0019731,antibacterial humoral response,8/189,78/18860,0.102564102564103,10.2347035680369,8.22253603329455,1.12952967504805e-06,0.000139120404976751,0.000126097786530218,IGHG3/IGHG4/IGHG1/RPL39/FAU/JCHAIN/IGHA1/WFDC2,8
GO:0036503,GO:0036503,ERAD pathway,9/189,115/18860,0.0782608695652174,7.80952380952381,7.36935339367001,2.37577921700922e-06,0.00027721592232155,0.000251266621898649,DERL3/SDF2L1/HSP90B1/XBP1/DNAJB9/HSPA5/ERLEC1/CALR/SEC61B,9
GO:0019730,GO:0019730,antimicrobial humoral response,11/189,184/18860,0.0597826086956522,5.96560846560847,6.80998091069726,2.56935599705142e-06,0.00028481311227315,0.000258152663072166,IGHG3/IGHG4/IGHG1/RPL30/RPL39/FAU/JCHAIN/RPS19/IGHA1/LGALS3/WFDC2,11
GO:0034975,GO:0034975,protein folding in endoplasmic reticulum,4/189,11/18860,0.363636363636364,36.2866762866763,11.7779411929556,3.05158014463445e-06,0.000307516053666117,0.000278730454359194,HSP90B1/HSPA5/P4HB/CALR,4
GO:0051444,GO:0051444,negative regulation of ubiquitin-protein transferase activity,4/189,11/18860,0.363636363636364,36.2866762866763,11.7779411929556,3.05158014463445e-06,0.000307516053666117,0.000278730454359194,RPL11/RPL5/RPS7/RPL23,4
GO:0072331,GO:0072331,signal transduction by p53 class mediator,11/189,196/18860,0.0561224489795918,5.60036713097938,6.5136528300318,4.72880991727603e-06,0.000455816155939172,0.000413148655930432,RPL11/RPL26/RPL37/RPS15/RPS20/RPL5/RPS7/RPL23/NPM1/CD74/MUC1,11
GO:0051438,GO:0051438,regulation of ubiquitin-protein transferase activity,5/189,26/18860,0.192307692307692,19.1900691900692,9.33804978096629,5.31415517585614e-06,0.000490895084369711,0.000444943957487253,RPL11/RPS2/RPL5/RPS7/RPL23,5
GO:0140694,GO:0140694,membraneless organelle assembly,16/189,446/18860,0.0358744394618834,3.57985147222815,5.54746417401351,1.14447172606706e-05,0.00101491752667627,0.000919914326341904,RPS23/RPL11/RPS27/RPS6/RPS3/RPS15/RPSA/RPS14/RPS28/RPL5/FAU/RPL38/RPL24/RPS19/KRT19/NPM1,16
GO:1904666,GO:1904666,regulation of ubiquitin protein ligase activity,4/189,15/18860,0.266666666666667,26.6102292768959,9.98314704520745,1.22317414524665e-05,0.00104299118461993,0.000945360098492248,RPL11/RPL5/RPS7/RPL23,4
GO:0006959,GO:0006959,humoral immune response,13/189,307/18860,0.0423452768729642,4.22556572393706,5.73290115416343,1.39724365626694e-05,0.0011472922910903,0.00103989791025871,IGHG3/IGHG4/IGHG1/RPL30/RPL39/FAU/JCHAIN/RPS19/CD59/IGHA1/LGALS3/WFDC2/CD37,13
GO:0006620,GO:0006620,post-translational protein targeting to endoplasmic reticulum membrane,4/189,16/18860,0.25,24.9470899470899,9.64123418239532,1.61813864719278e-05,0.00123849695196132,0.00112256519302716,SEC61G/SEC61A1/HSPA5/SEC61B,4
GO:0030490,GO:0030490,maturation of SSU-rRNA,6/189,54/18860,0.111111111111111,11.08759553204,7.46866134590304,1.62004562953894e-05,0.00123849695196132,0.00112256519302716,RPS8/RPS14/RPS28/RPS16/RPS21/RPS19,6
GO:0035967,GO:0035967,cellular response to topologically incorrect protein,8/189,124/18860,0.0645161290322581,6.43795869602321,6.11244199957147,3.58443548559822e-05,0.00264889782385709,0.00240094292702,DERL3/SDF2L1/XBP1/MANF/DNAJB9/HSPA5/ERLEC1/AGR2,8
GO:0030968,GO:0030968,endoplasmic reticulum unfolded protein response,7/189,94/18860,0.074468085106383,7.43104806934594,6.28877807898432,4.45689419587408e-05,0.00318739820395252,0.00288903599997406,DERL3/XBP1/MANF/DNAJB9/HSPA5/ERLEC1/AGR2,7
GO:1902229,GO:1902229,regulation of intrinsic apoptotic signaling pathway in response to DNA damage,5/189,41/18860,0.121951219512195,12.1693121693122,7.2032175133881,5.3598310845395e-05,0.00371335797325752,0.00336576234881115,RPL26/RPS3/TPT1/CD74/MUC1,5
GO:0036498,GO:0036498,IRE1-mediated unfolded protein response,4/189,22/18860,0.181818181818182,18.1433381433381,8.09460719039525,6.20457529433459e-05,0.00407088353020026,0.00368982107596909,XBP1/DNAJB9/HSPA5/AGR2,4
GO:2001233,GO:2001233,regulation of apoptotic signaling pathway,14/189,406/18860,0.0344827586206897,3.44097792373654,5.0025110104481,6.28279923085497e-05,0.00407088353020026,0.00368982107596909,PARK7/XBP1/RPL26/RPS3/RPS7/P4HB/GSTP1/ITM2C/LTB/LGALS3/TPT1/CD74/SLC25A6/MUC1,14
GO:0050851,GO:0050851,antigen receptor-mediated signaling pathway,10/189,215/18860,0.0465116279069767,4.64131905992371,5.40260496493298,6.42674440942756e-05,0.00407088353020026,0.00368982107596909,IGKC/IGHG3/IGHG4/IGHG1/RPS3/IGHA1/CD38/LGALS3/PHPT1/HLA-DPB1,10
GO:0006605,GO:0006605,protein targeting,12/189,319/18860,0.0376175548589342,3.75379409862169,4.99075984729608,9.39665873635522e-05,0.00574813464469293,0.00521007005043268,SEC61G/RPL11/LMAN1/SEC61A1/HSPA5/SSR3/NACA/SPCS2/SPCS3/TOMM7/SEC61B/SIL1,12
GO:0034620,GO:0034620,cellular response to unfolded protein,7/189,106/18860,0.0660377358490566,6.58979734451433,5.80642048028476,9.59318817562645e-05,0.00574813464469293,0.00521007005043268,DERL3/XBP1/MANF/DNAJB9/HSPA5/ERLEC1/AGR2,7
GO:0006414,GO:0006414,translational elongation,6/189,75/18860,0.08,7.98306878306878,6.09646092728454,0.000106130515674853,0.00619187771713548,0.00561227574579761,RPLP2/EEF1A1/RPLP1/EEF1B2/EEF2/EEF1D,6
GO:0036500,GO:0036500,ATF6-mediated unfolded protein response,3/189,10/18860,0.3,29.9365079365079,9.20866946646782,0.000112861082375616,0.00641571845196772,0.0058151634616748,XBP1/MANF/HSPA5,3
GO:0031397,GO:0031397,negative regulation of protein ubiquitination,6/189,78/18860,0.0769230769230769,7.67602767602768,5.94430321677109,0.000132060311563492,0.0069708978746729,0.00631837430513048,PARK7/RPL11/RPS3/RPL5/RPS7/RPL23,6
GO:0050853,GO:0050853,B cell receptor signaling pathway,6/189,78/18860,0.0769230769230769,7.67602767602768,5.94430321677109,0.000132060311563492,0.0069708978746729,0.00631837430513048,IGKC/IGHG3/IGHG4/IGHG1/IGHA1/CD38,6
GO:0071806,GO:0071806,protein transmembrane transport,6/189,78/18860,0.0769230769230769,7.67602767602768,5.94430321677109,0.000132060311563492,0.0069708978746729,0.00631837430513048,SEC61G/SEC61A1/HSPA5/TMED10/TOMM7/SEC61B,6
GO:2001242,GO:2001242,regulation of intrinsic apoptotic signaling pathway,9/189,195/18860,0.0461538461538462,4.60561660561661,5.09201057154558,0.00015857114974088,0.00817563346454725,0.0074103384297513,PARK7/XBP1/RPL26/RPS3/RPS7/P4HB/TPT1/CD74/MUC1,9
GO:0031396,GO:0031396,regulation of protein ubiquitination,9/189,200/18860,0.045,4.49047619047619,4.9928704883895,0.000191731107053857,0.0096606332804182,0.00875633213793811,PARK7/RPL11/RPS3/RPS2/RPL5/RPS7/HSPA5/RPL23/NPM1,9
GO:0030970,GO:0030970,"retrograde protein transport, ER to cytosol",4/189,30/18860,0.133333333333333,13.305114638448,6.78621436741378,0.00021833455422088,0.0105227762327759,0.00953777263175422,DERL3/HSP90B1/ERLEC1/SEC61B,4
GO:1903513,GO:1903513,endoplasmic reticulum to cytosol transport,4/189,30/18860,0.133333333333333,13.305114638448,6.78621436741378,0.00021833455422088,0.0105227762327759,0.00953777263175422,DERL3/HSP90B1/ERLEC1/SEC61B,4
GO:0006413,GO:0006413,translational initiation,8/189,162/18860,0.0493827160493827,4.92782023646221,5.05147229868612,0.000232786540163702,0.0109805906285729,0.00995273247866757,RPL13A/RPS3/RPS3A/RPS17/HSPA5/RPS5/NPM1/EIF3E,8
GO:0065002,GO:0065002,intracellular protein transmembrane transport,4/189,31/18860,0.129032258064516,12.8759173920464,6.65795461022971,0.000248727845557821,0.0114881173667019,0.0104127512537254,SEC61G/SEC61A1/HSPA5/SEC61B,4
GO:0006613,GO:0006613,cotranslational protein targeting to membrane,4/189,32/18860,0.125,12.473544973545,6.53547201776108,0.000282046943443044,0.0127611851757802,0.0115666512359349,SEC61A1/SSR3/SEC61B/SIL1,4
GO:1903321,GO:1903321,negative regulation of protein modification by small protein conjugation or removal,6/189,91/18860,0.0659340659340659,6.57945229373801,5.36782242625406,0.000307811734554139,0.0136483723101305,0.0123707916055548,PARK7/RPL11/RPS3/RPL5/RPS7/RPL23,6
GO:0006465,GO:0006465,signal peptide processing,3/189,14/18860,0.214285714285714,21.3832199546485,7.67597688536289,0.000332365334535252,0.0144481166012677,0.0130956743782827,SEC11C/SPCS2/SPCS3,3
GO:0006612,GO:0006612,protein targeting to membrane,7/189,130/18860,0.0538461538461538,5.37321937321937,5.03396850062064,0.000340019018433799,0.0144965800743795,0.013139601339881,SEC61G/SEC61A1/HSPA5/SSR3/NACA/SEC61B/SIL1,7
GO:0035966,GO:0035966,response to topologically incorrect protein,8/189,172/18860,0.0465116279069767,4.64131905992371,4.82667423349463,0.000348966794741575,0.0145973468668315,0.0132309356735187,DERL3/SDF2L1/XBP1/MANF/DNAJB9/HSPA5/ERLEC1/AGR2,8
GO:0070972,GO:0070972,protein localization to endoplasmic reticulum,4/189,34/18860,0.117647058823529,11.7398070339247,6.30613628868798,0.000358103206415392,0.0147021260856097,0.0133259068430211,KDELR2/HSPA5/NACA/BTF3,4
GO:1901874,GO:1901874,negative regulation of post-translational protein modification,6/189,95/18860,0.0631578947368421,6.30242272347536,5.21276694908635,0.000388314354728705,0.0153730879363132,0.0139340620897951,PARK7/RPL11/RPS3/RPL5/RPS7/RPL23,6
GO:1905897,GO:1905897,regulation of response to endoplasmic reticulum stress,6/189,95/18860,0.0631578947368421,6.30242272347536,5.21276694908635,0.000388314354728705,0.0153730879363132,0.0139340620897951,PARK7/XBP1/MANF/DNAJB9/HSPA5/AGR2,6
GO:0000462,GO:0000462,"maturation of SSU-rRNA from tricistronic rRNA transcript (SSU-rRNA, 5.8S rRNA, LSU-rRNA)",4/189,35/18860,0.114285714285714,11.4043839758125,6.19853908711845,0.000401164717550981,0.0154964066208608,0.0140458373046664,RPS8/RPS16/RPS21/RPS19,4
GO:0046598,GO:0046598,positive regulation of viral entry into host cell,3/189,15/18860,0.2,19.957671957672,7.38990755381413,0.000412398732805947,0.0154964066208608,0.0140458373046664,P4HB/CD74/LGALS1,3
GO:0075294,GO:0075294,positive regulation by symbiont of entry into host,3/189,15/18860,0.2,19.957671957672,7.38990755381413,0.000412398732805947,0.0154964066208608,0.0140458373046664,P4HB/CD74/LGALS1,3
GO:0071353,GO:0071353,cellular response to interleukin-4,4/189,36/18860,0.111111111111111,11.08759553204,6.09522015710895,0.000447800391297426,0.0165462244584399,0.0149973850348559,XBP1/RPL3/HSPA5/CORO1A,4
GO:0006956,GO:0006956,complement activation,5/189,65/18860,0.0769230769230769,7.67602767602768,5.42450463449382,0.000486533779971212,0.017453107510418,0.0158193776499243,IGHG3/IGHG4/IGHG1/CD59/IGHA1,5
GO:1900101,GO:1900101,regulation of endoplasmic reticulum unfolded protein response,4/189,37/18860,0.108108108108108,10.7879307879308,5.9958916122703,0.000498175675632317,0.017453107510418,0.0158193776499243,XBP1/DNAJB9/HSPA5/AGR2,4
GO:1902253,GO:1902253,regulation of intrinsic apoptotic signaling pathway by p53 class mediator,4/189,37/18860,0.108108108108108,10.7879307879308,5.9958916122703,0.000498175675632317,0.017453107510418,0.0158193776499243,RPL26/RPS7/CD74/MUC1,4
GO:1903894,GO:1903894,regulation of IRE1-mediated unfolded protein response,3/189,16/18860,0.1875,18.7103174603175,7.13027421940405,0.000503833505036875,0.017453107510418,0.0158193776499243,DNAJB9/HSPA5/AGR2,3
GO:2000059,GO:2000059,negative regulation of ubiquitin-dependent protein catabolic process,5/189,67/18860,0.0746268656716418,7.44689252151939,5.31858638306655,0.000559763898743033,0.0190922548232816,0.0173050895983879,PARK7/RPL11/RPL5/RPS7/RPL23,5
GO:0070663,GO:0070663,regulation of leukocyte proliferation,10/189,284/18860,0.0352112676056338,3.5136746404352,4.29436125083111,0.000605374166732496,0.0199142625405274,0.0180501517887458,MZB1/RPL13A/RPS3/GSTP1/CD38/LGALS3/CD74/CD37/CORO1A/HLA-DPB1,10
GO:0006958,GO:0006958,"complement activation, classical pathway",4/189,39/18860,0.102564102564103,10.2347035680369,5.80818389514318,0.000610811841567824,0.0199142625405274,0.0180501517887458,IGHG3/IGHG4/IGHG1/IGHA1,4
GO:0070670,GO:0070670,response to interleukin-4,4/189,39/18860,0.102564102564103,10.2347035680369,5.80818389514318,0.000610811841567824,0.0199142625405274,0.0180501517887458,XBP1/RPL3/HSPA5/CORO1A,4
GO:0045730,GO:0045730,respiratory burst,4/189,40/18860,0.1,9.97883597883598,5.71934990502581,0.000673408144607257,0.021636896472381,0.0196115354394394,JCHAIN/RPS19/CD52/IGHA1,4
GO:1903320,GO:1903320,regulation of protein modification by small protein conjugation or removal,9/189,242/18860,0.0371900826446281,3.71113734750098,4.27070066445909,0.000769308897951683,0.0243651118108412,0.0220843712208987,PARK7/RPL11/RPS3/RPS2/RPL5/RPS7/HSPA5/RPL23/NPM1,9
GO:0060263,GO:0060263,regulation of respiratory burst,3/189,19/18860,0.157894736842105,15.7560568086884,6.47443070585795,0.000852729182754953,0.0262569527523296,0.0237991229514504,JCHAIN/RPS19/IGHA1,3
GO:1902165,GO:1902165,regulation of intrinsic apoptotic signaling pathway in response to DNA damage by p53 class mediator,3/189,19/18860,0.157894736842105,15.7560568086884,6.47443070585795,0.000852729182754953,0.0262569527523296,0.0237991229514504,RPL26/CD74/MUC1,3
GO:0006986,GO:0006986,response to unfolded protein,7/189,152/18860,0.0460526315789474,4.59551656920078,4.4779150531143,0.000865705619004904,0.0262913610593681,0.0238303104063499,DERL3/XBP1/MANF/DNAJB9/HSPA5/ERLEC1/AGR2,7
GO:1901873,GO:1901873,regulation of post-translational protein modification,9/189,247/18860,0.0364372469635627,3.63601310969732,4.19560212431894,0.00088896435427773,0.0266328915328882,0.02413987129895,PARK7/RPL11/RPS3/RPS2/RPL5/RPS7/HSPA5/RPL23/NPM1,9
GO:0050821,GO:0050821,protein stabilization,9/189,250/18860,0.036,3.59238095238095,4.1514717066118,0.000967740513577953,0.0282838895917687,0.0256363246828034,PARK7/RPL11/RPL5/PPIB/RPS7/RPL23/CALR/NPM1/CD74,9
GO:1900026,GO:1900026,positive regulation of substrate adhesion-dependent cell spreading,4/189,44/18860,0.0909090909090909,9.07166907166907,5.39302553969785,0.00096958755479225,0.0282838895917687,0.0256363246828034,P4HB/CALR/MDK/S100A10,4
GO:0050670,GO:0050670,regulation of lymphocyte proliferation,9/189,254/18860,0.0354330708661417,3.535808023997,4.09367315137197,0.00108150109691473,0.0311388043098695,0.0282239999181164,MZB1/RPL13A/RPS3/CD38/LGALS3/CD74/CD37/CORO1A/HLA-DPB1,9
GO:0000027,GO:0000027,ribosomal large subunit assembly,3/189,21/18860,0.142857142857143,14.2554799697657,6.114805182246,0.00115329068899187,0.0323651323733541,0.0293355353135973,RPL11/RPL5/RPL24,3
GO:0046596,GO:0046596,regulation of viral entry into host cell,3/189,21/18860,0.142857142857143,14.2554799697657,6.114805182246,0.00115329068899187,0.0323651323733541,0.0293355353135973,P4HB/CD74/LGALS1,3
GO:0032944,GO:0032944,regulation of mononuclear cell proliferation,9/189,258/18860,0.0348837209302326,3.48098929494278,4.03702432452025,0.00120586503163402,0.0334175346891576,0.0302894255972281,MZB1/RPL13A/RPS3/CD38/LGALS3/CD74/CD37/CORO1A/HLA-DPB1,9
GO:1900102,GO:1900102,negative regulation of endoplasmic reticulum unfolded protein response,3/189,22/18860,0.136363636363636,13.6075036075036,5.95291235003086,0.00132559252099953,0.0362819582599501,0.0328857195917882,XBP1/DNAJB9/HSPA5,3
GO:0045727,GO:0045727,positive regulation of translation,7/189,164/18860,0.0426829268292683,4.25925925925926,4.21767319157476,0.00134707315613513,0.0364202583798975,0.0330110738775606,RPL26/RPL5/RPS4X/EEF2/NPM1/PABPC1/EIF3E,7
GO:0032527,GO:0032527,protein exit from endoplasmic reticulum,4/189,51/18860,0.0784313725490196,7.82653802261645,4.91144393888559,0.00169030064744488,0.0436444618318552,0.0395590426308723,DERL3/HSP90B1/ERLEC1/SEC61B,4
GO:1903573,GO:1903573,negative regulation of response to endoplasmic reticulum stress,4/189,51/18860,0.0784313725490196,7.82653802261645,4.91144393888559,0.00169030064744488,0.0436444618318552,0.0395590426308723,PARK7/XBP1/DNAJB9/HSPA5,4
GO:0002396,GO:0002396,MHC protein complex assembly,3/189,24/18860,0.125,12.473544973545,5.65868273621549,0.00171675677273482,0.0436444618318552,0.0395590426308723,CALR/HLA-DRA/HLA-DPB1,3
GO:0002501,GO:0002501,peptide antigen assembly with MHC protein complex,3/189,24/18860,0.125,12.473544973545,5.65868273621549,0.00171675677273482,0.0436444618318552,0.0395590426308723,CALR/HLA-DRA/HLA-DPB1,3
GO:1903051,GO:1903051,negative regulation of proteolysis involved in protein catabolic process,5/189,86/18860,0.0581395348837209,5.80164882490464,4.49022037166852,0.00173239180929331,0.0436444618318552,0.0395590426308723,PARK7/RPL11/RPL5/RPS7/RPL23,5
GO:1904019,GO:1904019,epithelial cell apoptotic process,5/189,86/18860,0.0581395348837209,5.80164882490464,4.49022037166852,0.00173239180929331,0.0436444618318552,0.0395590426308723,MDK/KRT18/KRT8/ANXA2/TMEM258,5
GO:0002455,GO:0002455,humoral immune response mediated by circulating immunoglobulin,4/189,52/18860,0.0769230769230769,7.67602767602768,4.85014737398019,0.00181698915702706,0.0452614040576291,0.0410246280397949,IGHG3/IGHG4/IGHG1/IGHA1,4
GO:1903902,GO:1903902,positive regulation of viral life cycle,3/189,25/18860,0.12,11.9746031746032,5.52436621590425,0.00193656848807462,0.0477041370895715,0.0432387046050813,P4HB/CD74/LGALS1,3
GO:0014910,GO:0014910,regulation of smooth muscle cell migration,5/189,89/18860,0.0561797752808989,5.60608762855954,4.38217722372393,0.00201562471184278,0.049105933913796,0.0445092836889284,XBP1/GSTP1/S100A11/MDK/TRIB1,5
