SNP	P
rs6700772	8.50815993942888e-10
rs11577776	1.02047127707067e-09
rs226250	1.20322245221207e-09
rs161807	1.3136495169818e-09
rs161809	1.3136495169818e-09
rs226243	1.3136495169818e-09
rs226256	1.48728848283539e-09
rs226258	1.48728848283539e-09
rs161814	1.72821523192051e-09
rs72634234	1.90119304555877e-09
rs161816	2.2433798449316904e-09
rs161817	2.2433798449316904e-09
rs161801	2.30947634401525e-09
rs498594	2.38649207114213e-09
rs670522	2.38649207114213e-09
rs11121070	2.6914887589816803e-09
rs7513370	2.6914887589816803e-09
rs4274087	3.14179655829523e-09
rs12062541	3.20060634308395e-09
rs12087103	3.20060634308395e-09
rs11801326	3.58729553801831e-09
rs72634225	3.58729553801831e-09
rs12088110	3.65883236465844e-09
rs112933824	3.7046446771316204e-09
rs113042763	3.7046446771316204e-09
rs113896984	3.7046446771316204e-09
rs11585541	3.7046446771316204e-09
rs55662800	3.7046446771316204e-09
rs72634219	3.7046446771316204e-09
rs72634221	3.7046446771316204e-09
rs11810770	4.09808302667489e-09
rs28619064	4.2304149810976215e-09
rs6704330	4.2304149810976215e-09
rs72634228	4.2304149810976215e-09
rs9756	4.2304149810976215e-09
rs225133	5.43490568884719e-09
rs112079265	1.02412724570433e-08
rs55867739	1.02412724570433e-08
rs6682378	2.18986795390171e-08
rs11590889	3.37633307812454e-08
rs11121074	5.65107068979575e-08
rs113506854	6.98477590569085e-08
rs12139353	6.98477590569085e-08
rs72634245	6.98477590569085e-08
rs225103	8.8023352590162e-08
rs225111	8.8023352590162e-08
rs6577469	1.16069902579362e-07
rs225126	1.46394352633073e-07
rs225129	1.54353499033931e-07
rs2294890	1.64750642175543e-07
rs161799	1.66109140902987e-07
rs225095	2.05445287447064e-07
rs225134	2.05445287447064e-07
rs225092	2.17032464295275e-07
rs226242	2.17032464295275e-07
rs225096	2.81503512627564e-07
rs172811	2.93788399009793e-07
rs225116	3.0858362321505e-07
rs9434999	3.42424428119038e-07
rs225123	3.60268389500119e-07
rs72854902	3.60268389500119e-07
rs9434603	3.61133856703101e-07
rs371452	3.65282669483988e-07
rs10864332	3.77771134245291e-07
rs442862	3.83659409011817e-07
rs6698516	3.97287223725719e-07
rs225118	4.02250394587965e-07
rs713194	4.2332311390817e-07
rs4908734	4.54960730992687e-07
rs4908735	4.54960730992687e-07
rs225100	4.98005753217699e-07
rs2745722	4.98005753217699e-07
rs370812	4.98005753217699e-07
rs7532413	4.98005753217699e-07
rs7556398	4.98005753217699e-07
rs225114	4.99134428195156e-07
rs225113	5.16425992714613e-07
rs408320	5.7211658119945e-07
rs9730618	6.75835234801474e-07
rs4908732	7.09527723415541e-07
rs379920	7.12095061576802e-07
rs226249	7.51196144563915e-07
rs225106	7.51253918505542e-07
rs225109	7.51253918505542e-07
rs225110	7.51253918505542e-07
rs11121075	7.69295155785455e-07
rs9434981	7.69295155785455e-07
rs225105	7.76427215305352e-07
rs225104	8.7496064288561e-07
rs226253	9.19516935825453e-07
